Sample   ,Channel1  ,Channel2  ,Channel3  ,Channel4  , Timestamp
        0,0.778     ,0.99      ,0.204     ,0.0358    ,         0
        1,0.794     ,0.60      ,0.281     ,0.0434    ,     10000
        2,0.524     ,0.99      ,0.461     ,0.0315    ,     10000
        3,0.683     ,-0.79     ,0.269     ,0.0456    ,     10000
        4,0.714     ,-0.40     ,0.153     ,0.0413    ,     10000
        5,0.857     ,2.58      ,0.217     ,0.0467    ,     10000
        6,0.905     ,2.38      ,0.191     ,0.0413    ,     10000
        7,0.841     ,3.97      ,0.153     ,0.0445    ,     10000
        8,0.746     ,2.98      ,0.281     ,0.0424    ,     10000
        9,0.937     ,-1.79     ,0.153     ,0.0358    ,     10000
       10,0.762     ,-0.40     ,0.397     ,0.0434    ,     10000
       11,0.810     ,-0.99     ,0.294     ,0.0434    ,     10000
       12,0.508     ,0.99      ,0.307     ,0.0347    ,     10000
       13,0.683     ,-2.18     ,0.371     ,0.0282    ,     10000
       14,0.698     ,0.20      ,0.397     ,0.0402    ,     10000
       15,0.968     ,1.39      ,0.371     ,0.0445    ,     10000
       16,0.810     ,-0.99     ,0.307     ,0.0543    ,     10000
       17,0.524     ,0.99      ,0.384     ,0.0478    ,     10000
       18,0.492     ,-2.98     ,0.513     ,0.0424    ,     10000
       19,0.429     ,-2.78     ,0.230     ,0.0424    ,     10000
       20,0.714     ,-1.98     ,0.114     ,0.0456    ,     10000
       21,0.619     ,0.00      ,0.384     ,0.0380    ,     10000
       22,0.873     ,3.57      ,0.526     ,0.0445    ,     10000
       23,0.810     ,-0.60     ,0.320     ,0.0598    ,     10000
       24,0.873     ,2.78      ,0.410     ,0.0576    ,     10000
       25,0.762     ,2.58      ,0.179     ,0.0489    ,     10000
       26,0.460     ,0.20      ,0.397     ,0.0424    ,     10000
       27,0.778     ,-0.60     ,0.179     ,0.0413    ,     10000
       28,0.841     ,1.39      ,0.307     ,0.0380    ,     10000
       29,0.762     ,1.39      ,0.153     ,0.0358    ,     10000
       30,0.905     ,-0.79     ,0.410     ,0.0543    ,     10000
       31,0.921     ,0.20      ,0.256     ,0.0511    ,     10000
       32,0.667     ,0.40      ,0.191     ,0.0598    ,     10000
       33,0.810     ,0.99      ,0.114     ,0.0576    ,     10000
       34,0.429     ,-2.58     ,0.243     ,0.0424    ,     10000
       35,0.698     ,-0.99     ,0.333     ,0.0456    ,     10000
       36,0.714     ,0.79      ,0.256     ,0.0445    ,     10000
       37,0.651     ,0.20      ,0.320     ,0.0369    ,     10000
       38,0.730     ,0.20      ,0.359     ,0.0619    ,     10000
       39,0.921     ,-1.39     ,0.101     ,0.0674    ,     10000
       40,0.857     ,0.60      ,0.359     ,0.0543    ,     10000
       41,0.556     ,1.98      ,0.191     ,0.0467    ,     10000
       42,0.714     ,1.59      ,0.281     ,0.0358    ,     10000
       43,0.762     ,-2.38     ,0.230     ,0.0500    ,     10000
       44,0.556     ,-0.99     ,0.333     ,0.0163    ,     10000
       45,0.651     ,-0.99     ,0.063     ,0.0369    ,     10000
       46,0.571     ,-1.59     ,0.359     ,0.0511    ,     10000
       47,0.810     ,-1.79     ,0.230     ,0.0532    ,     10000
       48,0.667     ,-1.79     ,0.294     ,0.0434    ,     10000
       49,0.810     ,4.96      ,0.410     ,0.0576    ,     10000
       50,0.841     ,0.79      ,0.423     ,0.0674    ,     10000
       51,0.556     ,-3.17     ,0.320     ,0.0445    ,     10000
       52,0.492     ,-0.40     ,0.436     ,0.0271    ,     10000
       53,0.571     ,1.39      ,0.294     ,0.0467    ,     10000
       54,0.762     ,-0.60     ,0.461     ,0.0228    ,     10000
       55,0.921     ,-0.79     ,0.320     ,0.0434    ,     10000
       56,0.810     ,-0.79     ,0.153     ,0.0358    ,     10000
       57,0.635     ,2.58      ,0.371     ,0.0619    ,     10000
       58,0.873     ,2.38      ,0.269     ,0.0456    ,     10000
       59,0.778     ,-2.38     ,0.384     ,0.0413    ,     10000
       60,0.810     ,-0.99     ,0.346     ,0.0369    ,     10000
       61,0.730     ,0.40      ,0.359     ,0.0532    ,     10000
       62,0.619     ,0.79      ,0.294     ,0.0413    ,     10000
       63,0.921     ,-1.39     ,0.089     ,0.0685    ,     10000
       64,0.762     ,-2.98     ,0.243     ,0.0358    ,     10000
       65,0.683     ,3.97      ,0.243     ,0.0739    ,     10000
       66,0.810     ,0.60      ,0.320     ,0.0511    ,     10000
       67,0.762     ,-2.38     ,0.256     ,0.0304    ,     10000
       68,0.667     ,-3.57     ,0.217     ,0.0282    ,     10000
       69,0.635     ,-0.79     ,0.063     ,0.0391    ,     10000
       70,0.825     ,0.40      ,0.449     ,0.0358    ,     10000
       71,0.524     ,0.00      ,0.243     ,0.0598    ,     10000
       72,1.000     ,0.79      ,0.140     ,0.0326    ,     10000
       73,0.905     ,0.99      ,0.436     ,0.0445    ,     10000
       74,0.683     ,0.60      ,0.384     ,0.0500    ,     10000
       75,0.794     ,0.99      ,0.307     ,0.0500    ,     10000
       76,0.778     ,-2.58     ,0.410     ,0.0228    ,     10000
       77,0.619     ,-1.19     ,0.410     ,0.0206    ,     10000
       78,0.794     ,-0.99     ,0.294     ,0.0424    ,     10000
       79,0.762     ,-0.20     ,0.320     ,0.0173    ,     10000
       80,0.841     ,0.99      ,0.230     ,0.0521    ,     10000
       81,0.667     ,1.79      ,0.371     ,0.0554    ,     10000
       82,1.079     ,3.37      ,0.449     ,0.0587    ,     10000
       83,0.778     ,1.98      ,0.281     ,0.0424    ,     10000
       84,0.778     ,-2.98     ,0.281     ,0.0293    ,     10000
       85,0.857     ,0.00      ,0.191     ,0.0250    ,     10000
       86,0.651     ,0.20      ,0.281     ,0.0358    ,     10000
       87,0.810     ,1.98      ,0.191     ,0.0369    ,     10000
       88,0.651     ,-0.99     ,0.256     ,0.0347    ,     10000
       89,1.032     ,-0.99     ,0.384     ,0.0576    ,     10000
       90,0.778     ,0.79      ,0.204     ,0.0489    ,     10000
       91,0.778     ,3.17      ,0.333     ,0.0576    ,     10000
       92,0.603     ,0.79      ,0.269     ,0.0347    ,     10000
       93,0.556     ,-0.79     ,0.294     ,0.0402    ,     10000
       94,0.556     ,1.39      ,0.384     ,0.0424    ,     10000
       95,0.524     ,-2.18     ,0.204     ,0.0239    ,     10000
       96,0.762     ,-2.58     ,0.410     ,0.0543    ,     10000
       97,0.667     ,4.17      ,0.217     ,0.0554    ,     10000
       98,0.937     ,0.79      ,0.359     ,0.0674    ,     10000
       99,0.778     ,1.19      ,0.179     ,0.0358    ,     10000
      100,0.794     ,1.19      ,0.230     ,0.0456    ,     10000
      101,0.540     ,0.99      ,0.423     ,0.0304    ,     10000
      102,0.667     ,-0.20     ,0.243     ,0.0489    ,     10000
      103,0.698     ,0.00      ,0.101     ,0.0413    ,     10000
      104,0.873     ,2.78      ,0.179     ,0.0467    ,     10000
      105,0.937     ,2.78      ,0.140     ,0.0413    ,     10000
      106,0.873     ,4.37      ,0.140     ,0.0456    ,     10000
      107,0.714     ,3.17      ,0.243     ,0.0424    ,     10000
      108,0.952     ,-1.39     ,0.114     ,0.0369    ,     10000
      109,0.746     ,0.20      ,0.359     ,0.0456    ,     10000
      110,0.762     ,-0.79     ,0.269     ,0.0445    ,     10000
      111,0.492     ,1.39      ,0.243     ,0.0347    ,     10000
      112,0.698     ,-1.59     ,0.346     ,0.0293    ,     10000
      113,0.714     ,0.20      ,0.371     ,0.0391    ,     10000
      114,0.984     ,1.39      ,0.333     ,0.0467    ,     10000
      115,0.794     ,-0.60     ,0.294     ,0.0543    ,     10000
      116,0.524     ,1.59      ,0.359     ,0.0489    ,     10000
      117,0.492     ,-2.78     ,0.487     ,0.0445    ,     10000
      118,0.444     ,-2.18     ,0.204     ,0.0434    ,     10000
      119,0.683     ,-1.79     ,0.050     ,0.0478    ,     10000
      120,0.603     ,-0.20     ,0.359     ,0.0402    ,     10000
      121,0.873     ,3.57      ,0.487     ,0.0434    ,     10000
      122,0.794     ,0.00      ,0.281     ,0.0630    ,     10000
      123,0.873     ,2.78      ,0.359     ,0.0576    ,     10000
      124,0.762     ,2.58      ,0.114     ,0.0511    ,     10000
      125,0.476     ,0.40      ,0.371     ,0.0434    ,     10000
      126,0.778     ,-0.40     ,0.127     ,0.0413    ,     10000
      127,0.857     ,1.19      ,0.269     ,0.0402    ,     10000
      128,0.762     ,1.79      ,0.114     ,0.0380    ,     10000
      129,0.889     ,-0.60     ,0.384     ,0.0554    ,     10000
      130,0.921     ,0.40      ,0.204     ,0.0532    ,     10000
      131,0.651     ,0.79      ,0.153     ,0.0598    ,     10000
      132,0.825     ,0.99      ,0.089     ,0.0598    ,     10000
      133,0.413     ,-2.18     ,0.191     ,0.0445    ,     10000
      134,0.698     ,-0.60     ,0.307     ,0.0467    ,     10000
      135,0.714     ,1.19      ,0.204     ,0.0456    ,     10000
      136,0.651     ,0.20      ,0.269     ,0.0402    ,     10000
      137,0.730     ,0.40      ,0.320     ,0.0630    ,     10000
      138,0.921     ,-1.39     ,0.089     ,0.0695    ,     10000
      139,0.873     ,0.60      ,0.320     ,0.0554    ,     10000
      140,0.524     ,2.58      ,0.153     ,0.0489    ,     10000
      141,0.730     ,1.79      ,0.230     ,0.0380    ,     10000
      142,0.746     ,-2.18     ,0.191     ,0.0532    ,     10000
      143,0.540     ,-0.79     ,0.294     ,0.0184    ,     10000
      144,0.667     ,-0.99     ,0.011     ,0.0391    ,     10000
      145,0.587     ,-0.99     ,0.320     ,0.0532    ,     10000
      146,0.841     ,-1.79     ,0.204     ,0.0543    ,     10000
      147,0.667     ,-1.19     ,0.230     ,0.0445    ,     10000
      148,0.841     ,5.16      ,0.384     ,0.0619    ,     10000
      149,0.825     ,0.99      ,0.410     ,0.0695    ,     10000
      150,0.556     ,-3.17     ,0.281     ,0.0467    ,     10000
      151,0.492     ,-0.20     ,0.397     ,0.0293    ,     10000
      152,0.571     ,1.79      ,0.294     ,0.0500    ,     10000
      153,0.746     ,0.00      ,0.436     ,0.0271    ,     10000
      154,0.921     ,-0.79     ,0.294     ,0.0445    ,     10000
      155,0.810     ,-0.60     ,0.114     ,0.0391    ,     10000
      156,0.603     ,2.78      ,0.333     ,0.0619    ,     10000
      157,0.873     ,2.38      ,0.243     ,0.0456    ,     10000
      158,0.778     ,-1.98     ,0.371     ,0.0424    ,     10000
      159,0.794     ,-0.60     ,0.320     ,0.0380    ,     10000
      160,0.730     ,0.60      ,0.333     ,0.0532    ,     10000
      161,0.619     ,1.19      ,0.281     ,0.0434    ,     10000
      162,0.905     ,-1.39     ,0.063     ,0.0695    ,     10000
      163,0.778     ,-2.98     ,0.217     ,0.0391    ,     10000
      164,0.667     ,4.17      ,0.217     ,0.0739    ,     10000
      165,0.841     ,0.79      ,0.281     ,0.0521    ,     10000
      166,0.762     ,-2.38     ,0.217     ,0.0315    ,     10000
      167,0.683     ,-3.37     ,0.179     ,0.0304    ,     10000
      168,0.619     ,-0.40     ,0.024     ,0.0402    ,     10000
      169,0.825     ,0.20      ,0.436     ,0.0391    ,     10000
      170,0.540     ,0.20      ,0.204     ,0.0598    ,     10000
      171,1.000     ,0.99      ,0.101     ,0.0326    ,     10000
      172,0.905     ,1.59      ,0.384     ,0.0456    ,     10000
      173,0.698     ,0.60      ,0.346     ,0.0500    ,     10000
      174,0.825     ,0.99      ,0.269     ,0.0511    ,     10000
      175,0.794     ,-2.18     ,0.423     ,0.0228    ,     10000
      176,0.667     ,-1.59     ,0.449     ,0.0228    ,     10000
      177,0.810     ,-0.79     ,0.307     ,0.0402    ,     10000
      178,0.778     ,-0.40     ,0.320     ,0.0173    ,     10000
      179,0.857     ,1.19      ,0.256     ,0.0511    ,     10000
      180,0.667     ,1.59      ,0.384     ,0.0554    ,     10000
      181,1.079     ,3.37      ,0.461     ,0.0587    ,     10000
      182,0.794     ,2.18      ,0.294     ,0.0445    ,     10000
      183,0.825     ,-2.78     ,0.294     ,0.0326    ,     10000
      184,0.873     ,0.40      ,0.217     ,0.0260    ,     10000
      185,0.683     ,0.00      ,0.269     ,0.0347    ,     10000
      186,0.825     ,1.59      ,0.204     ,0.0358    ,     10000
      187,0.667     ,-0.79     ,0.256     ,0.0369    ,     10000
      188,1.032     ,-0.99     ,0.384     ,0.0598    ,     10000
      189,0.810     ,0.60      ,0.230     ,0.0500    ,     10000
      190,0.778     ,2.78      ,0.320     ,0.0565    ,     10000
      191,0.635     ,0.79      ,0.281     ,0.0347    ,     10000
      192,0.587     ,-0.60     ,0.307     ,0.0424    ,     10000
      193,0.571     ,0.99      ,0.397     ,0.0424    ,     10000
      194,0.540     ,-1.98     ,0.230     ,0.0217    ,     10000
      195,0.825     ,-2.58     ,0.410     ,0.0543    ,     10000
      196,0.683     ,4.17      ,0.191     ,0.0565    ,     10000
      197,0.984     ,0.40      ,0.371     ,0.0674    ,     10000
      198,0.825     ,0.79      ,0.191     ,0.0369    ,     10000
      199,0.825     ,0.99      ,0.243     ,0.0456    ,     10000
      200,0.540     ,0.99      ,0.436     ,0.0315    ,     10000
      201,0.698     ,-0.40     ,0.243     ,0.0478    ,     10000
      202,0.730     ,0.20      ,0.140     ,0.0434    ,     10000
      203,0.905     ,3.17      ,0.191     ,0.0467    ,     10000
      204,0.952     ,2.78      ,0.153     ,0.0424    ,     10000
      205,0.873     ,4.17      ,0.127     ,0.0467    ,     10000
      206,0.762     ,3.37      ,0.243     ,0.0434    ,     10000
      207,0.968     ,-1.59     ,0.127     ,0.0369    ,     10000
      208,0.778     ,0.00      ,0.371     ,0.0456    ,     10000
      209,0.794     ,-0.40     ,0.256     ,0.0434    ,     10000
      210,0.508     ,1.19      ,0.269     ,0.0369    ,     10000
      211,0.714     ,-1.79     ,0.359     ,0.0304    ,     10000
      212,0.730     ,0.60      ,0.371     ,0.0413    ,     10000
      213,1.016     ,1.19      ,0.346     ,0.0478    ,     10000
      214,0.841     ,-0.79     ,0.294     ,0.0565    ,     10000
      215,0.571     ,1.79      ,0.371     ,0.0489    ,     10000
      216,0.508     ,-2.58     ,0.500     ,0.0445    ,     10000
      217,0.460     ,-2.18     ,0.217     ,0.0434    ,     10000
      218,0.714     ,-1.59     ,0.076     ,0.0478    ,     10000
      219,0.619     ,0.00      ,0.371     ,0.0380    ,     10000
      220,0.889     ,3.77      ,0.500     ,0.0467    ,     10000
      221,0.825     ,-0.40     ,0.307     ,0.0630    ,     10000
      222,0.873     ,3.17      ,0.384     ,0.0565    ,     10000
      223,0.778     ,2.58      ,0.153     ,0.0500    ,     10000
      224,0.508     ,0.60      ,0.384     ,0.0445    ,     10000
      225,0.810     ,-0.40     ,0.140     ,0.0424    ,     10000
      226,0.873     ,0.99      ,0.281     ,0.0402    ,     10000
      227,0.762     ,2.18      ,0.127     ,0.0380    ,     10000
      228,0.921     ,-0.60     ,0.397     ,0.0576    ,     10000
      229,0.937     ,0.40      ,0.217     ,0.0521    ,     10000
      230,0.714     ,0.99      ,0.166     ,0.0608    ,     10000
      231,0.841     ,0.99      ,0.101     ,0.0587    ,     10000
      232,0.444     ,-2.18     ,0.217     ,0.0456    ,     10000
      233,0.714     ,-0.99     ,0.307     ,0.0456    ,     10000
      234,0.746     ,1.19      ,0.230     ,0.0456    ,     10000
      235,0.667     ,0.20      ,0.294     ,0.0402    ,     10000
      236,0.762     ,0.60      ,0.333     ,0.0641    ,     10000
      237,0.921     ,-1.19     ,0.101     ,0.0695    ,     10000
      238,0.889     ,0.99      ,0.333     ,0.0565    ,     10000
      239,0.571     ,2.38      ,0.166     ,0.0489    ,     10000
      240,0.762     ,1.79      ,0.243     ,0.0369    ,     10000
      241,0.778     ,-1.98     ,0.204     ,0.0532    ,     10000
      242,0.603     ,-0.79     ,0.333     ,0.0173    ,     10000
      243,0.683     ,-0.79     ,0.037     ,0.0402    ,     10000
      244,0.619     ,-1.19     ,0.320     ,0.0521    ,     10000
      245,0.841     ,-1.59     ,0.191     ,0.0554    ,     10000
      246,0.714     ,-1.19     ,0.281     ,0.0456    ,     10000
      247,0.873     ,5.16      ,0.384     ,0.0619    ,     10000
      248,0.905     ,0.99      ,0.410     ,0.0706    ,     10000
      249,0.540     ,-2.98     ,0.281     ,0.0478    ,     10000
      250,0.508     ,0.00      ,0.423     ,0.0293    ,     10000
      251,0.587     ,1.59      ,0.269     ,0.0489    ,     10000
      252,0.794     ,0.00      ,0.436     ,0.0260    ,     10000
      253,0.937     ,-0.60     ,0.294     ,0.0445    ,     10000
      254,0.810     ,-0.40     ,0.140     ,0.0402    ,     10000
      255,0.667     ,2.98      ,0.346     ,0.0619    ,     10000
      256,0.889     ,2.58      ,0.256     ,0.0467    ,     10000
      257,0.810     ,-1.98     ,0.359     ,0.0434    ,     10000
      258,0.794     ,-0.40     ,0.333     ,0.0402    ,     10000
      259,0.746     ,0.40      ,0.346     ,0.0532    ,     10000
      260,0.683     ,1.39      ,0.281     ,0.0445    ,     10000
      261,0.952     ,-0.99     ,0.076     ,0.0706    ,     10000
      262,0.794     ,-2.98     ,0.243     ,0.0402    ,     10000
      263,0.683     ,4.17      ,0.230     ,0.0739    ,     10000
      264,0.889     ,0.79      ,0.320     ,0.0532    ,     10000
      265,0.794     ,-2.18     ,0.217     ,0.0304    ,     10000
      266,0.698     ,-3.37     ,0.204     ,0.0315    ,     10000
      267,0.651     ,-0.40     ,0.050     ,0.0413    ,     10000
      268,0.857     ,0.60      ,0.436     ,0.0369    ,     10000
      269,0.571     ,0.20      ,0.217     ,0.0619    ,     10000
      270,1.063     ,1.39      ,0.101     ,0.0347    ,     10000
      271,0.968     ,1.59      ,0.410     ,0.0456    ,     10000
      272,0.746     ,0.79      ,0.371     ,0.0500    ,     10000
      273,0.841     ,1.19      ,0.294     ,0.0521    ,     10000
      274,0.730     ,-2.58     ,0.410     ,0.0206    ,     10000
      275,0.603     ,-1.39     ,0.461     ,0.0206    ,     10000
      276,0.794     ,-0.99     ,0.307     ,0.0413    ,     10000
      277,0.762     ,-0.60     ,0.320     ,0.0163    ,     10000
      278,0.825     ,0.99      ,0.256     ,0.0500    ,     10000
      279,0.651     ,1.39      ,0.384     ,0.0554    ,     10000
      280,1.079     ,3.17      ,0.474     ,0.0576    ,     10000
      281,0.762     ,1.79      ,0.294     ,0.0434    ,     10000
      282,0.778     ,-2.98     ,0.307     ,0.0293    ,     10000
      283,0.794     ,-0.40     ,0.230     ,0.0250    ,     10000
      284,0.667     ,0.00      ,0.294     ,0.0347    ,     10000
      285,0.810     ,1.59      ,0.191     ,0.0358    ,     10000
      286,0.635     ,-0.99     ,0.281     ,0.0347    ,     10000
      287,1.000     ,-1.19     ,0.410     ,0.0565    ,     10000
      288,0.794     ,0.79      ,0.217     ,0.0467    ,     10000
      289,0.762     ,2.58      ,0.359     ,0.0543    ,     10000
      290,0.587     ,0.79      ,0.307     ,0.0326    ,     10000
      291,0.540     ,-1.19     ,0.333     ,0.0391    ,     10000
      292,0.508     ,0.99      ,0.397     ,0.0413    ,     10000
      293,0.540     ,-2.18     ,0.230     ,0.0217    ,     10000
      294,0.794     ,-2.78     ,0.436     ,0.0532    ,     10000
      295,0.651     ,3.97      ,0.204     ,0.0532    ,     10000
      296,0.937     ,0.40      ,0.397     ,0.0663    ,     10000
      297,0.794     ,1.19      ,0.204     ,0.0358    ,     10000
      298,0.778     ,0.60      ,0.269     ,0.0445    ,     10000
      299,0.508     ,0.79      ,0.449     ,0.0315    ,     10000
      300,0.651     ,-0.79     ,0.256     ,0.0478    ,     10000
      301,0.698     ,0.00      ,0.114     ,0.0413    ,     10000
      302,0.873     ,2.58      ,0.204     ,0.0434    ,     10000
      303,0.937     ,2.38      ,0.166     ,0.0424    ,     10000
      304,0.857     ,3.57      ,0.127     ,0.0456    ,     10000
      305,0.746     ,2.98      ,0.256     ,0.0413    ,     10000
      306,0.952     ,-1.59     ,0.140     ,0.0358    ,     10000
      307,0.762     ,-0.20     ,0.384     ,0.0445    ,     10000
      308,0.762     ,-0.99     ,0.294     ,0.0434    ,     10000
      309,0.476     ,1.19      ,0.281     ,0.0347    ,     10000
      310,0.698     ,-1.98     ,0.359     ,0.0260    ,     10000
      311,0.698     ,0.00      ,0.384     ,0.0402    ,     10000
      312,0.984     ,0.99      ,0.346     ,0.0456    ,     10000
      313,0.841     ,-0.99     ,0.294     ,0.0532    ,     10000
      314,0.540     ,1.19      ,0.359     ,0.0478    ,     10000
      315,0.476     ,-2.98     ,0.526     ,0.0424    ,     10000
      316,0.413     ,-2.38     ,0.243     ,0.0424    ,     10000
      317,0.683     ,-1.39     ,0.076     ,0.0478    ,     10000
      318,0.587     ,0.00      ,0.371     ,0.0380    ,     10000
      319,0.873     ,3.57      ,0.513     ,0.0445    ,     10000
      320,0.794     ,-0.40     ,0.307     ,0.0608    ,     10000
      321,0.873     ,2.58      ,0.384     ,0.0576    ,     10000
      322,0.746     ,2.18      ,0.153     ,0.0489    ,     10000
      323,0.476     ,0.00      ,0.397     ,0.0434    ,     10000
      324,0.762     ,-0.20     ,0.153     ,0.0402    ,     10000
      325,0.825     ,1.19      ,0.294     ,0.0391    ,     10000
      326,0.746     ,1.59      ,0.140     ,0.0369    ,     10000
      327,0.873     ,-0.79     ,0.410     ,0.0554    ,     10000
      328,0.889     ,0.20      ,0.243     ,0.0500    ,     10000
      329,0.683     ,0.60      ,0.179     ,0.0598    ,     10000
      330,0.810     ,0.40      ,0.089     ,0.0587    ,     10000
      331,0.413     ,-2.38     ,0.230     ,0.0445    ,     10000
      332,0.698     ,-1.19     ,0.320     ,0.0434    ,     10000
      333,0.698     ,0.99      ,0.230     ,0.0434    ,     10000
      334,0.619     ,0.00      ,0.307     ,0.0402    ,     10000
      335,0.698     ,0.20      ,0.320     ,0.0630    ,     10000
      336,0.889     ,-1.59     ,0.114     ,0.0685    ,     10000
      337,0.857     ,0.60      ,0.346     ,0.0554    ,     10000
      338,0.540     ,2.18      ,0.140     ,0.0489    ,     10000
      339,0.730     ,1.59      ,0.256     ,0.0347    ,     10000
      340,0.746     ,-2.38     ,0.217     ,0.0511    ,     10000
      341,0.556     ,-0.99     ,0.333     ,0.0173    ,     10000
      342,0.635     ,-1.19     ,0.050     ,0.0402    ,     10000
      343,0.587     ,-1.19     ,0.359     ,0.0521    ,     10000
      344,0.794     ,-1.59     ,0.204     ,0.0532    ,     10000
      345,0.667     ,-1.19     ,0.269     ,0.0456    ,     10000
      346,0.810     ,4.96      ,0.397     ,0.0608    ,     10000
      347,0.857     ,0.60      ,0.436     ,0.0695    ,     10000
      348,0.524     ,-3.17     ,0.307     ,0.0456    ,     10000
      349,0.476     ,-0.60     ,0.436     ,0.0282    ,     10000
      350,0.571     ,1.39      ,0.307     ,0.0478    ,     10000
      351,0.746     ,-0.60     ,0.449     ,0.0239    ,     10000
      352,0.905     ,-0.79     ,0.307     ,0.0434    ,     10000
      353,0.810     ,-0.99     ,0.140     ,0.0380    ,     10000
      354,0.651     ,2.58      ,0.346     ,0.0608    ,     10000
      355,0.873     ,2.18      ,0.269     ,0.0456    ,     10000
      356,0.778     ,-1.79     ,0.384     ,0.0424    ,     10000
      357,0.794     ,-0.99     ,0.346     ,0.0380    ,     10000
      358,0.714     ,0.20      ,0.346     ,0.0521    ,     10000
      359,0.635     ,0.60      ,0.307     ,0.0424    ,     10000
      360,0.905     ,-1.39     ,0.076     ,0.0674    ,     10000
      361,0.762     ,-2.98     ,0.230     ,0.0369    ,     10000
      362,0.667     ,3.77      ,0.243     ,0.0728    ,     10000
      363,0.810     ,0.60      ,0.307     ,0.0521    ,     10000
      364,0.778     ,-2.38     ,0.243     ,0.0315    ,     10000
      365,0.667     ,-3.77     ,0.204     ,0.0293    ,     10000
      366,0.635     ,-0.99     ,0.050     ,0.0391    ,     10000
      367,0.810     ,0.00      ,0.449     ,0.0358    ,     10000
      368,0.508     ,0.00      ,0.230     ,0.0587    ,     10000
      369,0.984     ,0.79      ,0.114     ,0.0326    ,     10000
      370,0.889     ,1.19      ,0.397     ,0.0424    ,     10000
      371,0.683     ,0.60      ,0.371     ,0.0511    ,     10000
      372,0.825     ,1.19      ,0.294     ,0.0500    ,     10000
      373,0.778     ,-2.38     ,0.449     ,0.0217    ,     10000
      374,0.635     ,-1.59     ,0.461     ,0.0195    ,     10000
      375,0.794     ,-0.99     ,0.333     ,0.0402    ,     10000
      376,0.794     ,-0.40     ,0.346     ,0.0163    ,     10000
      377,0.841     ,0.79      ,0.269     ,0.0500    ,     10000
      378,0.651     ,1.59      ,0.410     ,0.0532    ,     10000
      379,1.079     ,3.17      ,0.487     ,0.0565    ,     10000
      380,0.762     ,2.18      ,0.307     ,0.0424    ,     10000
      381,0.810     ,-3.17     ,0.307     ,0.0304    ,     10000
      382,0.841     ,0.00      ,0.217     ,0.0239    ,     10000
      383,0.698     ,0.00      ,0.307     ,0.0337    ,     10000
      384,0.841     ,1.79      ,0.217     ,0.0347    ,     10000
      385,0.683     ,-0.99     ,0.269     ,0.0358    ,     10000
      386,1.016     ,-1.19     ,0.436     ,0.0576    ,     10000
      387,0.794     ,0.40      ,0.230     ,0.0467    ,     10000
      388,0.762     ,2.58      ,0.371     ,0.0565    ,     10000
      389,0.619     ,0.60      ,0.320     ,0.0326    ,     10000
      390,0.587     ,-0.99     ,0.346     ,0.0391    ,     10000
      391,0.556     ,0.99      ,0.410     ,0.0402    ,     10000
      392,0.540     ,-2.38     ,0.269     ,0.0228    ,     10000
      393,0.794     ,-2.78     ,0.436     ,0.0521    ,     10000
      394,0.714     ,3.97      ,0.243     ,0.0554    ,     10000
      395,0.952     ,0.20      ,0.384     ,0.0674    ,     10000
      396,0.794     ,1.19      ,0.243     ,0.0358    ,     10000
      397,0.810     ,0.79      ,0.294     ,0.0434    ,     10000
      398,0.556     ,0.60      ,0.461     ,0.0304    ,     10000
      399,0.698     ,-0.60     ,0.256     ,0.0467    ,     10000
      400,0.698     ,-0.20     ,0.153     ,0.0424    ,     10000
      401,0.873     ,2.98      ,0.217     ,0.0456    ,     10000
      402,0.952     ,2.78      ,0.166     ,0.0413    ,     10000
      403,0.873     ,3.77      ,0.153     ,0.0445    ,     10000
      404,0.762     ,3.17      ,0.281     ,0.0413    ,     10000
      405,0.968     ,-1.39     ,0.153     ,0.0358    ,     10000
      406,0.762     ,-0.20     ,0.397     ,0.0424    ,     10000
      407,0.794     ,-0.99     ,0.307     ,0.0413    ,     10000
      408,0.540     ,0.99      ,0.307     ,0.0337    ,     10000
      409,0.714     ,-1.98     ,0.384     ,0.0260    ,     10000
      410,0.714     ,0.20      ,0.397     ,0.0402    ,     10000
      411,1.000     ,1.19      ,0.371     ,0.0467    ,     10000
      412,0.825     ,-0.99     ,0.307     ,0.0543    ,     10000
      413,0.556     ,1.39      ,0.371     ,0.0489    ,     10000
      414,0.508     ,-2.98     ,0.526     ,0.0445    ,     10000
      415,0.460     ,-2.38     ,0.230     ,0.0413    ,     10000
      416,0.714     ,-1.59     ,0.089     ,0.0467    ,     10000
      417,0.619     ,-0.20     ,0.384     ,0.0380    ,     10000
      418,0.857     ,3.57      ,0.513     ,0.0445    ,     10000
      419,0.794     ,-0.40     ,0.307     ,0.0619    ,     10000
      420,0.873     ,2.78      ,0.410     ,0.0565    ,     10000
      421,0.778     ,2.78      ,0.153     ,0.0489    ,     10000
      422,0.492     ,0.20      ,0.410     ,0.0413    ,     10000
      423,0.794     ,-0.40     ,0.179     ,0.0391    ,     10000
      424,0.873     ,1.39      ,0.307     ,0.0391    ,     10000
      425,0.762     ,1.79      ,0.153     ,0.0369    ,     10000
      426,0.889     ,-0.79     ,0.410     ,0.0554    ,     10000
      427,0.937     ,0.40      ,0.256     ,0.0532    ,     10000
      428,0.683     ,0.60      ,0.179     ,0.0587    ,     10000
      429,0.825     ,0.60      ,0.127     ,0.0587    ,     10000
      430,0.429     ,-2.38     ,0.230     ,0.0434    ,     10000
      431,0.714     ,-0.99     ,0.346     ,0.0445    ,     10000
      432,0.714     ,0.79      ,0.243     ,0.0445    ,     10000
      433,0.667     ,0.20      ,0.294     ,0.0391    ,     10000
      434,0.762     ,0.20      ,0.359     ,0.0641    ,     10000
      435,0.905     ,-1.39     ,0.114     ,0.0674    ,     10000
      436,0.889     ,0.60      ,0.371     ,0.0554    ,     10000
      437,0.540     ,2.18      ,0.191     ,0.0478    ,     10000
      438,0.746     ,1.59      ,0.281     ,0.0358    ,     10000
      439,0.778     ,-2.18     ,0.243     ,0.0521    ,     10000
      440,0.556     ,-0.60     ,0.333     ,0.0173    ,     10000
      441,0.683     ,-0.99     ,0.063     ,0.0402    ,     10000
      442,0.587     ,-1.39     ,0.346     ,0.0511    ,     10000
      443,0.841     ,-1.79     ,0.217     ,0.0532    ,     10000
      444,0.698     ,-1.19     ,0.281     ,0.0445    ,     10000
      445,0.841     ,4.96      ,0.410     ,0.0598    ,     10000
      446,0.889     ,0.40      ,0.436     ,0.0674    ,     10000
      447,0.571     ,-2.98     ,0.307     ,0.0467    ,     10000
      448,0.492     ,-0.40     ,0.436     ,0.0304    ,     10000
      449,0.571     ,1.39      ,0.320     ,0.0478    ,     10000
      450,0.778     ,-0.40     ,0.461     ,0.0250    ,     10000
      451,0.937     ,-0.79     ,0.333     ,0.0434    ,     10000
      452,0.825     ,-0.79     ,0.153     ,0.0369    ,     10000
      453,0.635     ,2.38      ,0.359     ,0.0608    ,     10000
      454,0.889     ,2.38      ,0.269     ,0.0467    ,     10000
      455,0.794     ,-1.59     ,0.384     ,0.0424    ,     10000
      456,0.810     ,-0.60     ,0.359     ,0.0369    ,     10000
      457,0.714     ,0.20      ,0.359     ,0.0532    ,     10000
      458,0.635     ,0.79      ,0.294     ,0.0413    ,     10000
      459,0.921     ,-1.19     ,0.101     ,0.0674    ,     10000
      460,0.778     ,-2.98     ,0.256     ,0.0369    ,     10000
      461,0.698     ,3.77      ,0.269     ,0.0728    ,     10000
      462,0.841     ,0.79      ,0.320     ,0.0511    ,     10000
      463,0.794     ,-2.38     ,0.256     ,0.0304    ,     10000
      464,0.698     ,-3.57     ,0.217     ,0.0293    ,     10000
      465,0.651     ,-0.79     ,0.076     ,0.0402    ,     10000
      466,0.825     ,0.20      ,0.449     ,0.0369    ,     10000
      467,0.556     ,0.20      ,0.230     ,0.0608    ,     10000
      468,1.016     ,0.79      ,0.140     ,0.0337    ,     10000
      469,0.921     ,1.39      ,0.423     ,0.0445    ,     10000
      470,0.714     ,0.60      ,0.397     ,0.0500    ,     10000
      471,0.810     ,0.99      ,0.294     ,0.0511    ,     10000
      472,0.778     ,-2.38     ,0.410     ,0.0206    ,     10000
      473,0.635     ,-1.39     ,0.436     ,0.0206    ,     10000
      474,0.810     ,-0.79     ,0.294     ,0.0413    ,     10000
      475,0.762     ,-0.60     ,0.294     ,0.0152    ,     10000
      476,0.825     ,0.99      ,0.230     ,0.0489    ,     10000
      477,0.635     ,1.59      ,0.371     ,0.0543    ,     10000
      478,1.048     ,3.17      ,0.461     ,0.0576    ,     10000
      479,0.794     ,1.79      ,0.281     ,0.0424    ,     10000
      480,0.810     ,-3.17     ,0.269     ,0.0282    ,     10000
      481,0.841     ,0.00      ,0.191     ,0.0239    ,     10000
      482,0.683     ,0.20      ,0.269     ,0.0347    ,     10000
      483,0.825     ,1.39      ,0.179     ,0.0347    ,     10000
      484,0.667     ,-0.99     ,0.256     ,0.0347    ,     10000
      485,1.032     ,-1.39     ,0.397     ,0.0576    ,     10000
      486,0.794     ,0.79      ,0.204     ,0.0478    ,     10000
      487,0.794     ,2.78      ,0.346     ,0.0554    ,     10000
      488,0.603     ,0.99      ,0.294     ,0.0337    ,     10000
      489,0.571     ,-0.79     ,0.320     ,0.0402    ,     10000
      490,0.556     ,1.19      ,0.384     ,0.0413    ,     10000
      491,0.524     ,-1.98     ,0.217     ,0.0239    ,     10000
      492,0.810     ,-2.78     ,0.410     ,0.0532    ,     10000
      493,0.698     ,4.17      ,0.204     ,0.0543    ,     10000
      494,0.952     ,0.20      ,0.359     ,0.0674    ,     10000
      495,0.778     ,1.39      ,0.191     ,0.0347    ,     10000
      496,0.794     ,0.79      ,0.256     ,0.0445    ,     10000
      497,0.524     ,0.79      ,0.436     ,0.0315    ,     10000
      498,0.683     ,-0.40     ,0.230     ,0.0478    ,     10000
      499,0.683     ,0.20      ,0.114     ,0.0424    ,     10000
      500,0.873     ,2.98      ,0.179     ,0.0467    ,     10000
      501,0.921     ,2.38      ,0.140     ,0.0424    ,     10000
      502,0.857     ,3.97      ,0.127     ,0.0445    ,     10000
      503,0.762     ,3.17      ,0.230     ,0.0413    ,     10000
      504,0.952     ,-1.98     ,0.127     ,0.0358    ,     10000
      505,0.762     ,0.00      ,0.384     ,0.0456    ,     10000
      506,0.778     ,-0.79     ,0.269     ,0.0424    ,     10000
      507,0.492     ,0.99      ,0.269     ,0.0358    ,     10000
      508,0.698     ,-1.79     ,0.346     ,0.0293    ,     10000
      509,0.698     ,0.20      ,0.384     ,0.0402    ,     10000
      510,1.000     ,1.39      ,0.333     ,0.0467    ,     10000
      511,0.825     ,-0.79     ,0.281     ,0.0532    ,     10000
      512,0.540     ,1.39      ,0.346     ,0.0500    ,     10000
      513,0.492     ,-2.58     ,0.500     ,0.0434    ,     10000
      514,0.413     ,-2.18     ,0.217     ,0.0424    ,     10000
      515,0.714     ,-1.98     ,0.063     ,0.0478    ,     10000
      516,0.635     ,0.00      ,0.346     ,0.0391    ,     10000
      517,0.889     ,3.57      ,0.500     ,0.0434    ,     10000
      518,0.794     ,-0.20     ,0.281     ,0.0608    ,     10000
      519,0.873     ,2.58      ,0.359     ,0.0554    ,     10000
      520,0.746     ,2.58      ,0.114     ,0.0500    ,     10000
      521,0.476     ,0.20      ,0.384     ,0.0424    ,     10000
      522,0.794     ,-0.40     ,0.127     ,0.0413    ,     10000
      523,0.873     ,1.59      ,0.281     ,0.0391    ,     10000
      524,0.778     ,1.98      ,0.114     ,0.0369    ,     10000
      525,0.889     ,-0.99     ,0.384     ,0.0543    ,     10000
      526,0.937     ,0.00      ,0.204     ,0.0511    ,     10000
      527,0.667     ,0.60      ,0.153     ,0.0576    ,     10000
      528,0.810     ,0.40      ,0.076     ,0.0565    ,     10000
      529,0.429     ,-2.18     ,0.191     ,0.0445    ,     10000
      530,0.698     ,-0.79     ,0.307     ,0.0445    ,     10000
      531,0.714     ,1.19      ,0.204     ,0.0445    ,     10000
      532,0.651     ,0.20      ,0.281     ,0.0380    ,     10000
      533,0.730     ,0.00      ,0.320     ,0.0630    ,     10000
      534,0.905     ,-1.39     ,0.089     ,0.0685    ,     10000
      535,0.873     ,0.60      ,0.333     ,0.0554    ,     10000
      536,0.540     ,2.18      ,0.153     ,0.0489    ,     10000
      537,0.714     ,1.59      ,0.256     ,0.0358    ,     10000
      538,0.746     ,-2.38     ,0.191     ,0.0511    ,     10000
      539,0.540     ,-0.79     ,0.307     ,0.0163    ,     10000
      540,0.683     ,-0.99     ,0.037     ,0.0391    ,     10000
      541,0.587     ,-1.19     ,0.320     ,0.0511    ,     10000
      542,0.841     ,-1.59     ,0.191     ,0.0532    ,     10000
      543,0.683     ,-1.59     ,0.269     ,0.0434    ,     10000
      544,0.825     ,5.16      ,0.371     ,0.0608    ,     10000
      545,0.857     ,0.79      ,0.410     ,0.0695    ,     10000
      546,0.540     ,-3.37     ,0.281     ,0.0467    ,     10000
      547,0.476     ,0.00      ,0.410     ,0.0304    ,     10000
      548,0.556     ,1.39      ,0.281     ,0.0489    ,     10000
      549,0.746     ,-0.40     ,0.436     ,0.0250    ,     10000
      550,0.937     ,-0.99     ,0.294     ,0.0445    ,     10000
      551,0.810     ,-0.79     ,0.140     ,0.0358    ,     10000
      552,0.635     ,2.78      ,0.333     ,0.0619    ,     10000
      553,0.857     ,2.18      ,0.256     ,0.0456    ,     10000
      554,0.794     ,-1.98     ,0.346     ,0.0391    ,     10000
      555,0.794     ,-0.60     ,0.320     ,0.0380    ,     10000
      556,0.730     ,0.40      ,0.333     ,0.0532    ,     10000
      557,0.635     ,0.99      ,0.269     ,0.0434    ,     10000
      558,0.889     ,-1.39     ,0.063     ,0.0674    ,     10000
      559,0.762     ,-3.17     ,0.230     ,0.0369    ,     10000
      560,0.667     ,4.17      ,0.217     ,0.0739    ,     10000
      561,0.825     ,0.99      ,0.281     ,0.0521    ,     10000
      562,0.778     ,-2.38     ,0.217     ,0.0315    ,     10000
      563,0.683     ,-3.37     ,0.179     ,0.0304    ,     10000
      564,0.635     ,-0.60     ,0.037     ,0.0402    ,     10000
      565,0.810     ,0.40      ,0.436     ,0.0369    ,     10000
      566,0.540     ,0.00      ,0.204     ,0.0598    ,     10000
      567,1.000     ,0.99      ,0.114     ,0.0326    ,     10000
      568,0.905     ,1.59      ,0.397     ,0.0445    ,     10000
      569,0.683     ,0.40      ,0.346     ,0.0500    ,     10000
      570,0.841     ,1.39      ,0.281     ,0.0511    ,     10000
      571,0.794     ,-2.18     ,0.410     ,0.0217    ,     10000
      572,0.651     ,-1.59     ,0.436     ,0.0206    ,     10000
      573,0.794     ,-0.79     ,0.294     ,0.0413    ,     10000
      574,0.778     ,-0.40     ,0.333     ,0.0163    ,     10000
      575,0.857     ,1.19      ,0.243     ,0.0511    ,     10000
      576,0.667     ,1.59      ,0.397     ,0.0554    ,     10000
      577,1.079     ,3.37      ,0.474     ,0.0576    ,     10000
      578,0.794     ,2.18      ,0.281     ,0.0434    ,     10000
      579,0.810     ,-2.58     ,0.307     ,0.0315    ,     10000
      580,0.857     ,0.20      ,0.217     ,0.0228    ,     10000
      581,0.698     ,0.00      ,0.294     ,0.0347    ,     10000
      582,0.825     ,1.59      ,0.204     ,0.0358    ,     10000
      583,0.683     ,-0.99     ,0.256     ,0.0369    ,     10000
      584,1.063     ,-1.19     ,0.397     ,0.0598    ,     10000
      585,0.794     ,0.60      ,0.204     ,0.0478    ,     10000
      586,0.794     ,2.78      ,0.333     ,0.0565    ,     10000
      587,0.619     ,0.60      ,0.307     ,0.0337    ,     10000
      588,0.603     ,-0.99     ,0.320     ,0.0391    ,     10000
      589,0.571     ,1.19      ,0.410     ,0.0413    ,     10000
      590,0.524     ,-2.18     ,0.243     ,0.0228    ,     10000
      591,0.794     ,-2.58     ,0.423     ,0.0532    ,     10000
      592,0.698     ,3.97      ,0.230     ,0.0554    ,     10000
      593,0.952     ,0.40      ,0.371     ,0.0674    ,     10000
      594,0.825     ,1.19      ,0.191     ,0.0369    ,     10000
      595,0.825     ,0.79      ,0.256     ,0.0456    ,     10000
      596,0.540     ,0.99      ,0.449     ,0.0304    ,     10000
      597,0.714     ,-0.60     ,0.243     ,0.0467    ,     10000
      598,0.730     ,0.00      ,0.127     ,0.0424    ,     10000
      599,0.905     ,3.17      ,0.191     ,0.0467    ,     10000
      600,0.952     ,2.58      ,0.166     ,0.0424    ,     10000
      601,0.857     ,4.17      ,0.127     ,0.0467    ,     10000
      602,0.794     ,3.37      ,0.243     ,0.0434    ,     10000
      603,0.968     ,-1.59     ,0.127     ,0.0369    ,     10000
      604,0.778     ,0.00      ,0.384     ,0.0456    ,     10000
      605,0.794     ,-0.99     ,0.269     ,0.0434    ,     10000
      606,0.508     ,1.19      ,0.281     ,0.0347    ,     10000
      607,0.714     ,-1.79     ,0.371     ,0.0271    ,     10000
      608,0.730     ,0.20      ,0.384     ,0.0402    ,     10000
      609,1.000     ,1.39      ,0.333     ,0.0467    ,     10000
      610,0.841     ,-0.79     ,0.294     ,0.0554    ,     10000
      611,0.571     ,1.59      ,0.359     ,0.0500    ,     10000
      612,0.524     ,-2.98     ,0.513     ,0.0456    ,     10000
      613,0.444     ,-2.18     ,0.204     ,0.0434    ,     10000
      614,0.730     ,-1.79     ,0.089     ,0.0489    ,     10000
      615,0.635     ,0.00      ,0.371     ,0.0369    ,     10000
      616,0.889     ,3.57      ,0.500     ,0.0467    ,     10000
      617,0.825     ,-0.20     ,0.294     ,0.0619    ,     10000
      618,0.889     ,2.58      ,0.371     ,0.0565    ,     10000
      619,0.794     ,2.58      ,0.153     ,0.0489    ,     10000
      620,0.508     ,0.20      ,0.384     ,0.0445    ,     10000
      621,0.794     ,-0.40     ,0.140     ,0.0413    ,     10000
      622,0.889     ,1.19      ,0.281     ,0.0402    ,     10000
      623,0.778     ,1.79      ,0.153     ,0.0358    ,     10000
      624,0.905     ,-0.79     ,0.397     ,0.0554    ,     10000
      625,0.952     ,0.40      ,0.230     ,0.0521    ,     10000
      626,0.683     ,0.60      ,0.179     ,0.0608    ,     10000
      627,0.825     ,0.79      ,0.101     ,0.0576    ,     10000
      628,0.444     ,-1.98     ,0.204     ,0.0445    ,     10000
      629,0.746     ,-0.79     ,0.320     ,0.0456    ,     10000
      630,0.762     ,1.39      ,0.243     ,0.0445    ,     10000
      631,0.683     ,0.40      ,0.294     ,0.0380    ,     10000
      632,0.746     ,0.20      ,0.333     ,0.0630    ,     10000
      633,0.937     ,-1.19     ,0.101     ,0.0685    ,     10000
      634,0.889     ,0.60      ,0.346     ,0.0565    ,     10000
      635,0.556     ,2.18      ,0.153     ,0.0500    ,     10000
      636,0.762     ,1.59      ,0.256     ,0.0358    ,     10000
      637,0.762     ,-2.38     ,0.217     ,0.0511    ,     10000
      638,0.571     ,-1.19     ,0.320     ,0.0173    ,     10000
      639,0.683     ,-0.99     ,0.037     ,0.0413    ,     10000
      640,0.603     ,-1.39     ,0.346     ,0.0521    ,     10000
      641,0.841     ,-1.79     ,0.217     ,0.0554    ,     10000
      642,0.714     ,-1.39     ,0.281     ,0.0456    ,     10000
      643,0.841     ,4.96      ,0.384     ,0.0608    ,     10000
      644,0.873     ,0.79      ,0.436     ,0.0695    ,     10000
      645,0.571     ,-3.17     ,0.294     ,0.0467    ,     10000
      646,0.524     ,-0.40     ,0.423     ,0.0293    ,     10000
      647,0.603     ,1.39      ,0.281     ,0.0478    ,     10000
      648,0.778     ,-0.20     ,0.449     ,0.0260    ,     10000
      649,0.952     ,-0.79     ,0.307     ,0.0434    ,     10000
      650,0.841     ,-0.60     ,0.153     ,0.0391    ,     10000
      651,0.667     ,2.78      ,0.333     ,0.0608    ,     10000
      652,0.905     ,2.38      ,0.256     ,0.0467    ,     10000
      653,0.778     ,-1.79     ,0.346     ,0.0413    ,     10000
      654,0.825     ,-0.40     ,0.333     ,0.0380    ,     10000
      655,0.746     ,0.60      ,0.346     ,0.0532    ,     10000
      656,0.651     ,1.19      ,0.307     ,0.0434    ,     10000
      657,0.921     ,-1.19     ,0.076     ,0.0695    ,     10000
      658,0.794     ,-2.98     ,0.243     ,0.0380    ,     10000
      659,0.714     ,4.37      ,0.230     ,0.0739    ,     10000
      660,0.841     ,0.60      ,0.294     ,0.0521    ,     10000
      661,0.810     ,-2.18     ,0.230     ,0.0304    ,     10000
      662,0.714     ,-3.57     ,0.204     ,0.0304    ,     10000
      663,0.667     ,-0.60     ,0.050     ,0.0391    ,     10000
      664,0.857     ,0.40      ,0.423     ,0.0380    ,     10000
      665,0.556     ,0.20      ,0.243     ,0.0598    ,     10000
      666,1.063     ,0.79      ,0.101     ,0.0347    ,     10000
      667,0.937     ,1.59      ,0.410     ,0.0445    ,     10000
      668,0.746     ,0.60      ,0.371     ,0.0511    ,     10000
      669,0.841     ,0.99      ,0.281     ,0.0500    ,     10000
      670,0.746     ,-2.18     ,0.410     ,0.0206    ,     10000
      671,0.619     ,-1.39     ,0.436     ,0.0206    ,     10000
      672,0.794     ,-0.79     ,0.320     ,0.0413    ,     10000
      673,0.746     ,-0.60     ,0.346     ,0.0173    ,     10000
      674,0.825     ,0.99      ,0.243     ,0.0500    ,     10000
      675,0.651     ,1.39      ,0.371     ,0.0565    ,     10000
      676,1.048     ,3.57      ,0.474     ,0.0576    ,     10000
      677,0.746     ,1.79      ,0.294     ,0.0424    ,     10000
      678,0.778     ,-2.98     ,0.307     ,0.0304    ,     10000
      679,0.841     ,0.00      ,0.230     ,0.0239    ,     10000
      680,0.683     ,0.40      ,0.294     ,0.0347    ,     10000
      681,0.794     ,1.59      ,0.204     ,0.0358    ,     10000
      682,0.635     ,-0.99     ,0.294     ,0.0358    ,     10000
      683,1.016     ,-1.19     ,0.410     ,0.0576    ,     10000
      684,0.746     ,0.40      ,0.217     ,0.0489    ,     10000
      685,0.746     ,2.78      ,0.359     ,0.0543    ,     10000
      686,0.587     ,0.99      ,0.307     ,0.0337    ,     10000
      687,0.571     ,-0.99     ,0.307     ,0.0413    ,     10000
      688,0.556     ,0.99      ,0.397     ,0.0424    ,     10000
      689,0.524     ,-2.38     ,0.230     ,0.0228    ,     10000
      690,0.810     ,-2.78     ,0.436     ,0.0532    ,     10000
      691,0.667     ,4.17      ,0.217     ,0.0565    ,     10000
      692,0.921     ,0.40      ,0.371     ,0.0663    ,     10000
      693,0.778     ,1.19      ,0.179     ,0.0369    ,     10000
      694,0.778     ,0.99      ,0.256     ,0.0456    ,     10000
      695,0.524     ,0.99      ,0.436     ,0.0315    ,     10000
      696,0.667     ,-0.40     ,0.256     ,0.0467    ,     10000
      697,0.698     ,0.20      ,0.127     ,0.0445    ,     10000
      698,0.857     ,2.98      ,0.191     ,0.0467    ,     10000
      699,0.937     ,2.78      ,0.166     ,0.0424    ,     10000
      700,0.825     ,4.17      ,0.127     ,0.0456    ,     10000
      701,0.730     ,3.17      ,0.256     ,0.0424    ,     10000
      702,0.952     ,-1.39     ,0.127     ,0.0347    ,     10000
      703,0.762     ,0.00      ,0.371     ,0.0456    ,     10000
      704,0.778     ,-0.99     ,0.281     ,0.0434    ,     10000
      705,0.492     ,1.19      ,0.281     ,0.0347    ,     10000
      706,0.683     ,-1.98     ,0.371     ,0.0271    ,     10000
      707,0.698     ,0.20      ,0.397     ,0.0402    ,     10000
      708,0.984     ,1.39      ,0.346     ,0.0467    ,     10000
      709,0.825     ,-0.79     ,0.294     ,0.0543    ,     10000
      710,0.540     ,1.19      ,0.371     ,0.0489    ,     10000
      711,0.492     ,-2.78     ,0.513     ,0.0456    ,     10000
      712,0.429     ,-2.38     ,0.230     ,0.0424    ,     10000
      713,0.698     ,-1.79     ,0.050     ,0.0478    ,     10000
      714,0.603     ,0.00      ,0.359     ,0.0380    ,     10000
      715,0.873     ,3.37      ,0.500     ,0.0445    ,     10000
      716,0.810     ,-0.40     ,0.307     ,0.0608    ,     10000
      717,0.857     ,2.58      ,0.371     ,0.0565    ,     10000
      718,0.778     ,2.58      ,0.153     ,0.0500    ,     10000
      719,0.460     ,0.40      ,0.397     ,0.0445    ,     10000
      720,0.762     ,-0.40     ,0.153     ,0.0424    ,     10000
      721,0.857     ,1.39      ,0.281     ,0.0413    ,     10000
      722,0.762     ,1.98      ,0.127     ,0.0369    ,     10000
      723,0.889     ,-0.79     ,0.410     ,0.0565    ,     10000
      724,0.905     ,0.20      ,0.230     ,0.0521    ,     10000
      725,0.667     ,0.79      ,0.179     ,0.0608    ,     10000
      726,0.794     ,0.40      ,0.076     ,0.0576    ,     10000
      727,0.413     ,-2.18     ,0.191     ,0.0467    ,     10000
      728,0.714     ,-0.60     ,0.320     ,0.0467    ,     10000
      729,0.714     ,1.19      ,0.217     ,0.0456    ,     10000
      730,0.651     ,0.20      ,0.294     ,0.0380    ,     10000
      731,0.714     ,0.20      ,0.333     ,0.0641    ,     10000
      732,0.921     ,-0.99     ,0.114     ,0.0685    ,     10000
      733,0.857     ,0.79      ,0.346     ,0.0554    ,     10000
      734,0.524     ,1.98      ,0.179     ,0.0489    ,     10000
      735,0.730     ,1.79      ,0.256     ,0.0380    ,     10000
      736,0.746     ,-2.18     ,0.204     ,0.0511    ,     10000
      737,0.556     ,-0.79     ,0.320     ,0.0173    ,     10000
      738,0.651     ,-0.99     ,0.037     ,0.0391    ,     10000
      739,0.571     ,-1.39     ,0.346     ,0.0511    ,     10000
      740,0.810     ,-1.59     ,0.217     ,0.0532    ,     10000
      741,0.651     ,-1.39     ,0.281     ,0.0456    ,     10000
      742,0.794     ,4.96      ,0.397     ,0.0608    ,     10000
      743,0.841     ,0.99      ,0.436     ,0.0695    ,     10000
      744,0.540     ,-2.78     ,0.307     ,0.0478    ,     10000
      745,0.492     ,-0.40     ,0.423     ,0.0304    ,     10000
      746,0.587     ,1.39      ,0.307     ,0.0478    ,     10000
      747,0.730     ,-0.60     ,0.449     ,0.0260    ,     10000
      748,0.921     ,-0.60     ,0.307     ,0.0434    ,     10000
      749,0.810     ,-0.99     ,0.140     ,0.0380    ,     10000
      750,0.635     ,2.58      ,0.346     ,0.0619    ,     10000
      751,0.857     ,2.18      ,0.269     ,0.0456    ,     10000
      752,0.762     ,-1.98     ,0.371     ,0.0413    ,     10000
      753,0.794     ,-0.60     ,0.346     ,0.0391    ,     10000
      754,0.714     ,0.60      ,0.333     ,0.0532    ,     10000
      755,0.635     ,0.99      ,0.281     ,0.0424    ,     10000
      756,0.889     ,-1.19     ,0.063     ,0.0674    ,     10000
      757,0.762     ,-3.17     ,0.243     ,0.0380    ,     10000
      758,0.667     ,3.97      ,0.230     ,0.0739    ,     10000
      759,0.825     ,0.79      ,0.307     ,0.0532    ,     10000
      760,0.794     ,-2.18     ,0.243     ,0.0304    ,     10000
      761,0.683     ,-3.57     ,0.204     ,0.0293    ,     10000
      762,0.635     ,-0.60     ,0.050     ,0.0413    ,     10000
      763,0.825     ,0.00      ,0.436     ,0.0358    ,     10000
      764,0.508     ,-0.20     ,0.230     ,0.0598    ,     10000
      765,1.000     ,0.99      ,0.101     ,0.0326    ,     10000
      766,0.905     ,1.39      ,0.397     ,0.0445    ,     10000
      767,0.698     ,0.60      ,0.346     ,0.0500    ,     10000
      768,0.810     ,1.19      ,0.281     ,0.0521    ,     10000
      769,0.778     ,-2.18     ,0.423     ,0.0228    ,     10000
      770,0.651     ,-1.39     ,0.461     ,0.0217    ,     10000
      771,0.825     ,-0.79     ,0.333     ,0.0424    ,     10000
      772,0.794     ,0.00      ,0.346     ,0.0173    ,     10000
      773,0.841     ,1.39      ,0.243     ,0.0511    ,     10000
      774,0.651     ,1.59      ,0.397     ,0.0565    ,     10000
      775,1.063     ,3.57      ,0.474     ,0.0576    ,     10000
      776,0.794     ,2.18      ,0.307     ,0.0445    ,     10000
      777,0.794     ,-2.98     ,0.307     ,0.0304    ,     10000
      778,0.873     ,0.00      ,0.217     ,0.0250    ,     10000
      779,0.683     ,0.00      ,0.294     ,0.0347    ,     10000
      780,0.810     ,1.59      ,0.204     ,0.0369    ,     10000
      781,0.667     ,-0.79     ,0.281     ,0.0358    ,     10000
      782,1.032     ,-1.19     ,0.410     ,0.0598    ,     10000
      783,0.794     ,0.79      ,0.230     ,0.0489    ,     10000
      784,0.778     ,2.78      ,0.346     ,0.0565    ,     10000
      785,0.603     ,0.79      ,0.307     ,0.0326    ,     10000
      786,0.587     ,-0.99     ,0.333     ,0.0402    ,     10000
      787,0.556     ,1.59      ,0.410     ,0.0413    ,     10000
      788,0.540     ,-2.18     ,0.243     ,0.0228    ,     10000
      789,0.794     ,-2.38     ,0.449     ,0.0532    ,     10000
      790,0.683     ,4.17      ,0.230     ,0.0565    ,     10000
      791,0.952     ,0.20      ,0.371     ,0.0663    ,     10000
      792,0.825     ,1.19      ,0.204     ,0.0380    ,     10000
      793,0.810     ,0.99      ,0.269     ,0.0456    ,     10000
      794,0.556     ,0.79      ,0.436     ,0.0304    ,     10000
      795,0.667     ,-0.40     ,0.256     ,0.0467    ,     10000
      796,0.714     ,0.00      ,0.153     ,0.0434    ,     10000
      797,0.889     ,2.98      ,0.204     ,0.0478    ,     10000
      798,0.968     ,2.98      ,0.179     ,0.0413    ,     10000
      799,0.857     ,4.17      ,0.153     ,0.0467    ,     10000
      800,0.746     ,3.57      ,0.269     ,0.0424    ,     10000
      801,0.952     ,-1.59     ,0.153     ,0.0369    ,     10000
      802,0.778     ,0.20      ,0.371     ,0.0456    ,     10000
      803,0.794     ,-0.79     ,0.281     ,0.0445    ,     10000
      804,0.508     ,1.59      ,0.294     ,0.0358    ,     10000
      805,0.698     ,-1.79     ,0.371     ,0.0271    ,     10000
      806,0.746     ,0.40      ,0.397     ,0.0413    ,     10000
      807,1.000     ,1.39      ,0.359     ,0.0467    ,     10000
      808,0.810     ,-0.60     ,0.307     ,0.0554    ,     10000
      809,0.571     ,1.79      ,0.371     ,0.0478    ,     10000
      810,0.524     ,-2.78     ,0.513     ,0.0456    ,     10000
      811,0.444     ,-2.38     ,0.243     ,0.0424    ,     10000
      812,0.714     ,-1.59     ,0.089     ,0.0489    ,     10000
      813,0.635     ,0.20      ,0.371     ,0.0380    ,     10000
      814,0.905     ,3.77      ,0.526     ,0.0456    ,     10000
      815,0.810     ,0.00      ,0.320     ,0.0619    ,     10000
      816,0.889     ,2.58      ,0.384     ,0.0576    ,     10000
      817,0.746     ,2.58      ,0.166     ,0.0511    ,     10000
      818,0.492     ,0.20      ,0.410     ,0.0445    ,     10000
      819,1.762     ,-0.60     ,0.153     ,0.0413    ,     10000
      820,2.317     ,1.59      ,0.307     ,0.0402    ,     10000
      821,2.333     ,1.79      ,0.153     ,0.0380    ,     10000
      822,2.873     ,-0.79     ,0.410     ,0.0554    ,     10000
      823,2.937     ,0.40      ,0.256     ,0.0500    ,     10000
      824,3.286     ,0.79      ,0.166     ,0.0608    ,     10000
      825,3.508     ,0.79      ,0.101     ,0.0565    ,     10000
      826,3.127     ,-1.98     ,0.230     ,0.0456    ,     10000
      827,3.651     ,-0.79     ,0.333     ,0.0424    ,     10000
      828,3.810     ,1.39      ,0.230     ,0.0434    ,     10000
      829,3.905     ,0.40      ,0.307     ,0.0369    ,     10000
      830,3.778     ,0.20      ,0.333     ,0.0641    ,     10000
      831,4.032     ,-1.19     ,0.114     ,0.0695    ,     10000
      832,4.032     ,0.79      ,0.359     ,0.0565    ,     10000
      833,3.810     ,2.18      ,0.179     ,0.0489    ,     10000
      834,3.937     ,1.79      ,0.269     ,0.0369    ,     10000
      835,4.032     ,-1.98     ,0.217     ,0.0521    ,     10000
      836,3.984     ,-0.60     ,0.333     ,0.0184    ,     10000
      837,4.032     ,-0.79     ,0.063     ,0.0391    ,     10000
      838,3.968     ,-1.19     ,0.333     ,0.0521    ,     10000
      839,4.032     ,-1.59     ,0.217     ,0.0532    ,     10000
      840,3.952     ,-1.39     ,0.294     ,0.0445    ,     10000
      841,4.032     ,5.56      ,0.410     ,0.0608    ,     10000
      842,4.032     ,0.99      ,0.423     ,0.0695    ,     10000
      843,3.810     ,-2.78     ,0.281     ,0.0478    ,     10000
      844,3.810     ,0.00      ,0.436     ,0.0304    ,     10000
      845,3.968     ,1.59      ,0.307     ,0.0489    ,     10000
      846,4.032     ,-0.40     ,0.461     ,0.0239    ,     10000
      847,4.032     ,-0.40     ,0.333     ,0.0445    ,     10000
      848,4.032     ,-0.60     ,0.153     ,0.0391    ,     10000
      849,4.032     ,3.17      ,0.346     ,0.0608    ,     10000
      850,4.032     ,2.58      ,0.281     ,0.0467    ,     10000
      851,4.032     ,-1.98     ,0.384     ,0.0434    ,     10000
      852,4.032     ,-0.60     ,0.346     ,0.0391    ,     10000
      853,4.032     ,0.40      ,0.346     ,0.0532    ,     10000
      854,3.968     ,0.99      ,0.281     ,0.0434    ,     10000
      855,4.032     ,-1.19     ,0.089     ,0.0685    ,     10000
      856,3.984     ,-2.98     ,0.243     ,0.0380    ,     10000
      857,3.937     ,3.97      ,0.243     ,0.0728    ,     10000
      858,4.032     ,0.60      ,0.320     ,0.0511    ,     10000
      859,4.032     ,-1.98     ,0.256     ,0.0304    ,     10000
      860,3.984     ,-3.37     ,0.204     ,0.0304    ,     10000
      861,3.984     ,-0.60     ,0.076     ,0.0413    ,     10000
      862,4.032     ,0.40      ,0.436     ,0.0369    ,     10000
      863,3.778     ,0.40      ,0.243     ,0.0619    ,     10000
      864,4.032     ,0.99      ,0.114     ,0.0347    ,     10000
      865,4.032     ,1.39      ,0.410     ,0.0456    ,     10000
      866,4.032     ,0.79      ,0.371     ,0.0489    ,     10000
      867,4.032     ,1.19      ,0.294     ,0.0445    ,     10000
      868,4.032     ,-2.58     ,0.410     ,0.0293    ,     10000
      869,-0.032    ,-1.39     ,0.449     ,0.0228    ,     10000
      870,4.032     ,-1.19     ,0.307     ,0.0108    ,     10000
      871,-0.032    ,-0.60     ,0.307     ,0.0108    ,     10000
      872,4.032     ,0.40      ,0.217     ,0.0108    ,     10000
      873,4.032     ,1.19      ,0.397     ,0.0108    ,     10000
      874,4.032     ,3.17      ,0.474     ,0.0706    ,     10000
      875,4.032     ,1.79      ,0.294     ,0.1348    ,     10000
      876,4.032     ,-3.17     ,0.269     ,0.0500    ,     10000
      877,4.032     ,-0.60     ,0.217     ,0.0108    ,     10000
      878,-0.032    ,-0.20     ,0.294     ,0.0108    ,     10000
      879,-0.032    ,0.99      ,0.204     ,0.0108    ,     10000
      880,-0.032    ,-0.79     ,0.256     ,0.0413    ,     10000
      881,-0.032    ,-0.99     ,0.384     ,0.0685    ,     10000
      882,4.032     ,0.60      ,0.204     ,0.0761    ,     10000
      883,4.032     ,2.78      ,0.333     ,0.0271    ,     10000
      884,-0.032    ,0.40      ,0.281     ,0.0108    ,     10000
      885,-0.032    ,-0.79     ,0.320     ,0.0793    ,     10000
      886,-0.032    ,0.99      ,0.397     ,0.1043    ,     10000
      887,1.571     ,-2.38     ,0.230     ,0.0652    ,     10000
      888,4.032     ,-2.78     ,0.410     ,0.0511    ,     10000
      889,-0.032    ,3.57      ,0.217     ,0.0347    ,     10000
      890,3.651     ,0.20      ,0.359     ,0.0728    ,     10000
      891,4.032     ,1.19      ,0.179     ,0.1054    ,     10000
      892,4.032     ,0.79      ,0.243     ,0.0869    ,     10000
      893,4.032     ,0.60      ,0.423     ,0.0228    ,     10000
      894,-0.032    ,-0.79     ,0.256     ,0.0184    ,     10000
      895,4.032     ,-0.20     ,0.114     ,0.0271    ,     10000
      896,2.190     ,2.98      ,0.191     ,0.0587    ,     10000
      897,4.032     ,2.58      ,0.140     ,0.0619    ,     10000
      898,-0.032    ,3.97      ,0.114     ,0.0130    ,     10000
      899,2.476     ,3.17      ,0.243     ,0.0108    ,     10000
      900,4.032     ,-1.59     ,0.114     ,0.0108    ,     10000
      901,4.032     ,-0.20     ,0.359     ,0.0489    ,     10000
      902,4.032     ,-0.79     ,0.281     ,0.0543    ,     10000
      903,-0.032    ,1.19      ,0.256     ,0.0293    ,     10000
      904,-0.032    ,-1.98     ,0.359     ,0.0108    ,     10000
      905,-0.032    ,0.20      ,0.384     ,0.0391    ,     10000
      906,4.032     ,0.99      ,0.333     ,0.0772    ,     10000
      907,3.444     ,-0.79     ,0.269     ,0.0924    ,     10000
      908,4.032     ,0.99      ,0.371     ,0.0641    ,     10000
      909,4.032     ,-2.98     ,0.513     ,0.0467    ,     10000
      910,1.556     ,-2.38     ,0.217     ,0.0347    ,     10000
      911,1.937     ,-1.98     ,0.063     ,0.0293    ,     10000
      912,-0.032    ,-0.20     ,0.346     ,0.0260    ,     10000
      913,0.571     ,3.37      ,0.500     ,0.0184    ,     10000
      914,1.079     ,-0.40     ,0.281     ,0.0347    ,     10000
      915,4.032     ,2.38      ,0.371     ,0.0369    ,     10000
      916,4.032     ,2.38      ,0.140     ,0.0391    ,     10000
      917,4.032     ,0.00      ,0.397     ,0.0250    ,     10000
      918,4.032     ,-0.60     ,0.153     ,0.0282    ,     10000
      919,1.127     ,1.19      ,0.294     ,0.0391    ,     10000
      920,-0.032    ,1.59      ,0.127     ,0.0521    ,     10000
      921,-0.032    ,-0.99     ,0.410     ,0.0695    ,     10000
      922,1.619     ,0.00      ,0.217     ,0.0587    ,     10000
      923,3.746     ,0.60      ,0.166     ,0.0641    ,     10000
      924,4.032     ,0.40      ,0.076     ,0.0598    ,     10000
      925,4.032     ,-2.38     ,0.191     ,0.0478    ,     10000
      926,3.937     ,-0.99     ,0.307     ,0.0489    ,     10000
      927,4.032     ,0.79      ,0.217     ,0.0521    ,     10000
      928,0.857     ,0.20      ,0.281     ,0.0445    ,     10000
      929,0.984     ,0.00      ,0.346     ,0.0728    ,     10000
      930,2.143     ,-1.39     ,0.089     ,0.0815    ,     10000
      931,4.032     ,0.60      ,0.333     ,0.0728    ,     10000
      932,4.032     ,1.98      ,0.166     ,0.0652    ,     10000
      933,4.032     ,1.79      ,0.256     ,0.0489    ,     10000
      934,4.032     ,-2.38     ,0.179     ,0.0587    ,     10000
      935,2.206     ,-0.99     ,0.307     ,0.0304    ,     10000
      936,-0.032    ,-1.39     ,0.037     ,0.0511    ,     10000
      937,-0.032    ,-1.39     ,0.333     ,0.0543    ,     10000
      938,-0.032    ,-2.18     ,0.191     ,0.0467    ,     10000
      939,1.873     ,-1.59     ,0.256     ,0.0315    ,     10000
      940,3.016     ,4.96      ,0.384     ,0.0489    ,     10000
      941,4.032     ,0.79      ,0.410     ,0.0652    ,     10000
      942,3.921     ,-3.17     ,0.281     ,0.0489    ,     10000
      943,4.032     ,-0.40     ,0.436     ,0.0260    ,     10000
      944,4.032     ,1.19      ,0.281     ,0.0434    ,     10000
      945,3.667     ,-0.40     ,0.436     ,0.0260    ,     10000
      946,2.016     ,-0.79     ,0.307     ,0.0576    ,     10000
      947,2.317     ,-0.79     ,0.114     ,0.0598    ,     10000
      948,4.032     ,2.58      ,0.333     ,0.0782    ,     10000
      949,4.032     ,2.38      ,0.256     ,0.0521    ,     10000
      950,4.032     ,-1.98     ,0.371     ,0.0434    ,     10000
      951,2.825     ,-0.79     ,0.333     ,0.0424    ,     10000
      952,2.317     ,0.20      ,0.333     ,0.0543    ,     10000
      953,2.079     ,0.79      ,0.269     ,0.0347    ,     10000
      954,3.270     ,-1.19     ,0.076     ,0.0532    ,     10000
      955,4.032     ,-3.17     ,0.217     ,0.0206    ,     10000
      956,4.032     ,3.97      ,0.217     ,0.0630    ,     10000
      957,4.032     ,0.79      ,0.294     ,0.0489    ,     10000
      958,4.032     ,-2.18     ,0.217     ,0.0260    ,     10000
      959,4.032     ,-3.57     ,0.204     ,0.0250    ,     10000
      960,4.032     ,-0.60     ,0.050     ,0.0369    ,     10000
      961,4.032     ,0.20      ,0.436     ,0.0380    ,     10000
      962,3.667     ,0.00      ,0.217     ,0.0674    ,     10000
      963,4.032     ,0.79      ,0.101     ,0.0347    ,     10000
      964,3.714     ,1.39      ,0.397     ,0.0424    ,     10000
      965,3.794     ,0.60      ,0.359     ,0.0456    ,     10000
      966,3.429     ,0.99      ,0.281     ,0.0478    ,     10000
      967,2.841     ,-2.58     ,0.436     ,0.0173    ,     10000
      968,1.810     ,-1.39     ,0.436     ,0.0163    ,     10000
      969,2.762     ,-1.19     ,0.307     ,0.0347    ,     10000
      970,2.905     ,-0.99     ,0.333     ,0.0108    ,     10000
      971,4.032     ,0.79      ,0.256     ,0.0434    ,     10000
      972,4.032     ,1.39      ,0.371     ,0.0467    ,     10000
      973,4.032     ,3.17      ,0.474     ,0.0478    ,     10000
      974,4.032     ,1.79      ,0.294     ,0.0358    ,     10000
      975,4.032     ,-3.17     ,0.320     ,0.0228    ,     10000
      976,4.032     ,0.00      ,0.230     ,0.0173    ,     10000
      977,3.921     ,-0.20     ,0.294     ,0.0239    ,     10000
      978,3.556     ,1.39      ,0.217     ,0.0260    ,     10000
      979,2.016     ,-1.19     ,0.256     ,0.0282    ,     10000
      980,3.286     ,-1.19     ,0.410     ,0.0521    ,     10000
      981,2.778     ,0.60      ,0.217     ,0.0456    ,     10000
      982,3.746     ,2.78      ,0.333     ,0.0554    ,     10000
      983,3.222     ,0.60      ,0.281     ,0.0326    ,     10000
      984,3.571     ,-0.99     ,0.320     ,0.0402    ,     10000
      985,3.286     ,0.99      ,0.397     ,0.0456    ,     10000
      986,3.476     ,-2.18     ,0.243     ,0.0304    ,     10000
      987,3.540     ,-2.78     ,0.436     ,0.0565    ,     10000
      988,4.032     ,3.97      ,0.217     ,0.0576    ,     10000
      989,4.032     ,0.40      ,0.371     ,0.0706    ,     10000
      990,4.032     ,0.99      ,0.204     ,0.0413    ,     10000
      991,3.857     ,0.99      ,0.256     ,0.0532    ,     10000
      992,3.048     ,0.79      ,0.436     ,0.0369    ,     10000
      993,2.524     ,-0.79     ,0.256     ,0.0500    ,     10000
      994,1.873     ,0.00      ,0.127     ,0.0456    ,     10000
      995,2.524     ,2.78      ,0.204     ,0.0511    ,     10000
      996,2.730     ,2.78      ,0.166     ,0.0511    ,     10000
      997,2.921     ,3.97      ,0.140     ,0.0543    ,     10000
      998,3.492     ,3.17      ,0.256     ,0.0478    ,     10000
      999,3.238     ,-1.79     ,0.140     ,0.0380    ,     10000
     1000,3.873     ,-0.20     ,0.384     ,0.0467    ,     10000
     1001,2.365     ,-0.79     ,0.294     ,0.0489    ,     10000
     1002,3.190     ,0.99      ,0.294     ,0.0424    ,     10000
     1003,3.111     ,-1.79     ,0.359     ,0.0326    ,     10000
     1004,4.032     ,0.00      ,0.397     ,0.0434    ,     10000
     1005,4.032     ,1.19      ,0.346     ,0.0478    ,     10000
     1006,4.032     ,-0.79     ,0.307     ,0.0554    ,     10000
     1007,3.429     ,1.59      ,0.371     ,0.0532    ,     10000
     1008,3.460     ,-2.98     ,0.526     ,0.0456    ,     10000
     1009,4.032     ,-2.18     ,0.217     ,0.0445    ,     10000
     1010,3.365     ,-1.79     ,0.076     ,0.0478    ,     10000
     1011,3.698     ,0.00      ,0.359     ,0.0369    ,     10000
     1012,3.016     ,3.37      ,0.539     ,0.0445    ,     10000
     1013,4.032     ,-0.40     ,0.320     ,0.0619    ,     10000
     1014,4.032     ,2.58      ,0.371     ,0.0543    ,     10000
     1015,4.032     ,2.38      ,0.153     ,0.0543    ,     10000
     1016,4.032     ,-1.98     ,0.410     ,0.0445    ,     10000
     1017,4.032     ,-3.57     ,0.153     ,0.0413    ,     10000
     1018,-0.032    ,-2.98     ,0.281     ,0.0369    ,     10000
     1019,-0.032    ,-3.17     ,0.127     ,0.0380    ,     10000
     1020,-0.032    ,-5.36     ,0.423     ,0.0608    ,     10000
     1021,4.032     ,-4.56     ,0.230     ,0.0445    ,     10000
     1022,4.032     ,-4.37     ,0.179     ,0.0434    ,     10000
     1023,4.032     ,-4.37     ,0.089     ,0.0413    ,     10000
     1024,4.032     ,-7.14     ,0.230     ,0.0413    ,     10000
     1025,2.127     ,-6.15     ,0.333     ,0.0532    ,     10000
     1026,1.857     ,-3.77     ,0.217     ,0.0565    ,     10000
     1027,-0.032    ,-4.76     ,0.294     ,0.0369    ,     10000
     1028,2.413     ,-3.77     ,0.320     ,0.0576    ,     10000
     1029,-0.032    ,-5.16     ,0.101     ,0.0717    ,     10000
     1030,4.032     ,-2.78     ,0.359     ,0.0652    ,     10000
     1031,2.905     ,-1.39     ,0.179     ,0.0587    ,     10000
     1032,4.032     ,-1.39     ,0.256     ,0.0326    ,     10000
     1033,2.508     ,-4.76     ,0.230     ,0.0521    ,     10000
     1034,0.873     ,-3.97     ,0.359     ,0.0369    ,     10000
     1035,-0.032    ,-4.17     ,0.050     ,0.0358    ,     10000
     1036,-0.032    ,-4.76     ,0.346     ,0.0511    ,     10000
     1037,-0.032    ,-3.37     ,0.217     ,0.0413    ,     10000
     1038,3.730     ,-2.98     ,0.281     ,0.0293    ,     10000
     1039,4.032     ,0.40      ,0.410     ,0.0772    ,     10000
     1040,4.032     ,-6.35     ,0.423     ,0.0695    ,     10000
     1041,4.032     ,-6.55     ,0.294     ,0.0630    ,     10000
     1042,-0.032    ,-4.96     ,0.436     ,0.0565    ,     10000
     1043,-0.032    ,-2.38     ,0.307     ,0.0489    ,     10000
     1044,-0.032    ,-3.37     ,0.461     ,0.0358    ,     10000
     1045,0.651     ,-5.56     ,0.333     ,0.0674    ,     10000
     1046,-0.032    ,-4.96     ,0.153     ,0.0652    ,     10000
     1047,4.032     ,-2.38     ,0.359     ,0.0837    ,     10000
     1048,0.651     ,-2.18     ,0.269     ,0.0793    ,     10000
     1049,3.651     ,-5.36     ,0.384     ,0.0685    ,     10000
     1050,-0.032    ,-5.16     ,0.359     ,0.0837    ,     10000
     1051,-0.032    ,-5.16     ,0.359     ,0.0641    ,     10000
     1052,-0.032    ,-3.17     ,0.294     ,0.1119    ,     10000
     1053,-0.032    ,-4.56     ,0.101     ,0.1467    ,     10000
     1054,-0.032    ,-6.75     ,0.230     ,0.0924    ,     10000
     1055,3.730     ,2.58      ,0.243     ,0.1489    ,     10000
     1056,-0.032    ,0.00      ,0.307     ,0.0945    ,     10000
     1057,3.556     ,-2.58     ,0.217     ,0.0739    ,     10000
     1058,-0.032    ,-3.97     ,0.217     ,0.1315    ,     10000
     1059,-0.032    ,-1.39     ,0.076     ,0.1065    ,     10000
     1060,-0.032    ,-0.40     ,0.436     ,0.1119    ,     10000
     1061,-0.032    ,-0.79     ,0.230     ,0.1685    ,     10000
     1062,-0.032    ,-0.20     ,0.140     ,0.1109    ,     10000
     1063,1.365     ,0.40      ,0.410     ,0.1250    ,     10000
     1064,-0.032    ,-0.79     ,0.371     ,0.1511    ,     10000
     1065,3.714     ,0.00      ,0.307     ,0.1359    ,     10000
     1066,-0.032    ,-3.57     ,0.410     ,0.0880    ,     10000
     1067,-0.032    ,-2.18     ,0.436     ,0.0869    ,     10000
     1068,-0.032    ,-1.59     ,0.307     ,0.1011    ,     10000
     1069,-0.032    ,-1.19     ,0.320     ,0.0565    ,     10000
     1070,-0.032    ,0.60      ,0.243     ,0.0772    ,     10000
     1071,-0.032    ,0.99      ,0.384     ,0.0587    ,     10000
     1072,4.032     ,2.58      ,0.449     ,0.0761    ,     10000
     1073,4.032     ,1.59      ,0.294     ,0.0576    ,     10000
     1074,4.032     ,-3.77     ,0.294     ,0.0239    ,     10000
     1075,0.952     ,-0.40     ,0.217     ,0.0228    ,     10000
     1076,-0.032    ,-0.40     ,0.294     ,0.0380    ,     10000
     1077,-0.032    ,0.79      ,0.191     ,0.0380    ,     10000
     1078,-0.032    ,-1.39     ,0.269     ,0.0434    ,     10000
     1079,1.127     ,-1.39     ,0.410     ,0.0478    ,     10000
     1080,4.032     ,0.20      ,0.217     ,0.0282    ,     10000
     1081,4.032     ,2.18      ,0.346     ,0.0434    ,     10000
     1082,4.032     ,0.20      ,0.294     ,0.0163    ,     10000
     1083,3.905     ,-1.19     ,0.320     ,0.0163    ,     10000
     1084,-0.032    ,0.99      ,0.384     ,0.0163    ,     10000
     1085,-0.032    ,-2.58     ,0.243     ,0.0108    ,     10000
     1086,-0.032    ,-2.98     ,0.410     ,0.0173    ,     10000
     1087,3.111     ,3.77      ,0.217     ,0.0326    ,     10000
     1088,4.032     ,0.20      ,0.359     ,0.0358    ,     10000
     1089,4.032     ,0.79      ,0.191     ,0.0108    ,     10000
     1090,4.032     ,0.60      ,0.256     ,0.0217    ,     10000
     1091,4.032     ,0.99      ,0.449     ,0.0119    ,     10000
     1092,0.873     ,-0.99     ,0.243     ,0.0391    ,     10000
     1093,-0.032    ,0.00      ,0.114     ,0.0380    ,     10000
     1094,-0.032    ,2.38      ,0.166     ,0.0347    ,     10000
     1095,1.429     ,2.58      ,0.140     ,0.0369    ,     10000
     1096,4.032     ,3.97      ,0.127     ,0.0511    ,     10000
     1097,4.032     ,3.17      ,0.256     ,0.0456    ,     10000
     1098,4.032     ,-1.79     ,0.127     ,0.0391    ,     10000
     1099,3.698     ,-0.20     ,0.371     ,0.0489    ,     10000
     1100,0.095     ,-0.60     ,0.294     ,0.0500    ,     10000
     1101,-0.032    ,0.79      ,0.269     ,0.0478    ,     10000
     1102,-0.032    ,-2.18     ,0.371     ,0.0424    ,     10000
     1103,-0.032    ,0.00      ,0.384     ,0.0543    ,     10000
     1104,3.889     ,0.99      ,0.346     ,0.0619    ,     10000
     1105,4.032     ,-0.99     ,0.307     ,0.0739    ,     10000
     1106,3.190     ,1.19      ,0.371     ,0.0793    ,     10000
     1107,1.635     ,-2.58     ,0.513     ,0.0826    ,     10000
     1108,-0.032    ,-2.38     ,0.217     ,0.0858    ,     10000
     1109,-0.032    ,-1.98     ,0.076     ,0.0989    ,     10000
     1110,-0.032    ,-0.20     ,0.371     ,0.0924    ,     10000
     1111,-0.032    ,3.57      ,0.513     ,0.0978    ,     10000
     1112,-0.032    ,-0.20     ,0.281     ,0.1196    ,     10000
     1113,1.317     ,2.58      ,0.397     ,0.1185    ,     10000
     1114,1.111     ,2.58      ,0.153     ,0.1109    ,     10000
     1115,0.048     ,0.20      ,0.397     ,0.1043    ,     10000
     1116,-0.032    ,-0.40     ,0.153     ,0.0956    ,     10000
     1117,-0.032    ,1.19      ,0.294     ,0.0913    ,     10000
     1118,-0.032    ,1.79      ,0.127     ,0.0869    ,     10000
     1119,-0.032    ,-0.60     ,0.397     ,0.1000    ,     10000
     1120,-0.032    ,0.00      ,0.217     ,0.0913    ,     10000
     1121,1.825     ,0.60      ,0.166     ,0.0935    ,     10000
     1122,2.571     ,0.79      ,0.114     ,0.0826    ,     10000
     1123,1.460     ,-1.98     ,0.217     ,0.0674    ,     10000
     1124,-0.032    ,-0.99     ,0.307     ,0.0663    ,     10000
     1125,-0.032    ,1.19      ,0.217     ,0.0619    ,     10000
     1126,-0.032    ,0.00      ,0.307     ,0.0511    ,     10000
     1127,-0.032    ,0.40      ,0.346     ,0.0717    ,     10000
     1128,-0.032    ,-1.19     ,0.101     ,0.0728    ,     10000
     1129,2.143     ,0.79      ,0.346     ,0.0587    ,     10000
     1130,3.492     ,1.98      ,0.166     ,0.0478    ,     10000
     1131,3.825     ,1.59      ,0.269     ,0.0347    ,     10000
     1132,3.587     ,-2.18     ,0.217     ,0.0532    ,     10000
     1133,1.714     ,-0.79     ,0.333     ,0.0184    ,     10000
     1134,-0.032    ,-1.19     ,0.050     ,0.0402    ,     10000
     1135,-0.032    ,-1.39     ,0.346     ,0.0532    ,     10000
     1136,1.095     ,-1.59     ,0.217     ,0.0511    ,     10000
     1137,4.032     ,-1.59     ,0.269     ,0.0750    ,     10000
     1138,4.032     ,5.16      ,0.423     ,0.2892    ,     10000
     1139,4.032     ,0.60      ,0.436     ,0.2892    ,     10000
     1140,4.032     ,-3.17     ,0.294     ,0.2892    ,     10000
     1141,3.524     ,0.00      ,0.436     ,0.1902    ,     10000
     1142,0.857     ,1.39      ,0.294     ,0.0869    ,     10000
     1143,0.619     ,-0.40     ,0.449     ,0.0108    ,     10000
     1144,1.825     ,-0.99     ,0.307     ,0.0217    ,     10000
     1145,4.032     ,-0.60     ,0.140     ,0.0228    ,     10000
     1146,4.032     ,2.58      ,0.346     ,0.0489    ,     10000
     1147,4.032     ,2.18      ,0.269     ,0.0402    ,     10000
     1148,4.032     ,-1.79     ,0.359     ,0.0315    ,     10000
     1149,4.032     ,-0.79     ,0.346     ,0.0250    ,     10000
     1150,3.270     ,0.40      ,0.359     ,0.0380    ,     10000
     1151,1.460     ,0.99      ,0.281     ,0.0250    ,     10000
     1152,2.206     ,-1.39     ,0.089     ,0.0500    ,     10000
     1153,4.032     ,-2.98     ,0.230     ,0.0195    ,     10000
     1154,4.032     ,4.17      ,0.243     ,0.0576    ,     10000
     1155,4.032     ,0.60      ,0.307     ,0.0347    ,     10000
     1156,4.032     ,-2.18     ,0.281     ,0.0130    ,     10000
     1157,4.032     ,-3.57     ,2.146     ,0.0152    ,     10000
     1158,3.238     ,-0.40     ,-0.580    ,0.0380    ,     10000
     1159,1.063     ,0.20      ,0.256     ,0.0260    ,     10000
     1160,1.286     ,0.20      ,0.166     ,0.0467    ,     10000
     1161,3.190     ,0.99      ,0.179     ,0.0228    ,     10000
     1162,4.032     ,1.39      ,0.976     ,0.0380    ,     10000
     1163,4.032     ,0.79      ,1.014     ,0.0445    ,     10000
     1164,4.032     ,1.19      ,-0.297    ,0.0456    ,     10000
     1165,4.032     ,-2.18     ,0.153     ,0.0152    ,     10000
     1166,4.032     ,-1.39     ,0.153     ,0.0163    ,     10000
     1167,2.095     ,-0.79     ,1.091     ,0.0347    ,     10000
     1168,1.587     ,-0.20     ,0.037     ,0.0184    ,     10000
     1169,2.889     ,1.19      ,0.204     ,0.0467    ,     10000
     1170,4.032     ,1.79      ,0.667     ,0.0554    ,     10000
     1171,4.032     ,3.57      ,-0.104    ,0.0576    ,     10000
     1172,4.032     ,1.98      ,0.320     ,0.0456    ,     10000
     1173,4.032     ,-3.17     ,0.564     ,0.0326    ,     10000
     1174,2.635     ,0.20      ,0.050     ,0.0304    ,     10000
     1175,0.286     ,0.00      ,0.217     ,0.0424    ,     10000
     1176,0.127     ,1.59      ,0.166     ,0.0434    ,     10000
     1177,0.698     ,-0.79     ,0.281     ,0.0445    ,     10000
     1178,3.413     ,-0.99     ,0.590     ,0.0685    ,     10000
     1179,4.032     ,0.79      ,0.127     ,0.0587    ,     10000
     1180,4.032     ,2.98      ,0.500     ,0.0695    ,     10000
     1181,4.032     ,0.60      ,0.217     ,0.0456    ,     10000
     1182,2.857     ,-0.60     ,0.320     ,0.0521    ,     10000
     1183,1.556     ,1.39      ,0.551     ,0.0543    ,     10000
     1184,0.778     ,-2.38     ,0.256     ,0.0358    ,     10000
     1185,1.508     ,-2.38     ,0.474     ,0.0663    ,     10000
     1186,3.349     ,4.17      ,0.269     ,0.0695    ,     10000
     1187,4.032     ,0.60      ,0.359     ,0.0793    ,     10000
     1188,4.032     ,1.39      ,0.281     ,0.0467    ,     10000
     1189,4.032     ,1.19      ,0.307     ,0.0532    ,     10000
     1190,4.032     ,0.99      ,0.449     ,0.0391    ,     10000
     1191,2.587     ,-0.60     ,0.243     ,0.0565    ,     10000
     1192,2.127     ,0.00      ,0.089     ,0.0511    ,     10000
     1193,2.397     ,3.17      ,0.217     ,0.0543    ,     10000
     1194,3.857     ,2.78      ,0.191     ,0.0467    ,     10000
     1195,4.032     ,4.17      ,0.166     ,0.0511    ,     10000
     1196,4.032     ,3.37      ,0.269     ,0.0456    ,     10000
     1197,4.032     ,-1.39     ,0.153     ,0.0391    ,     10000
     1198,4.032     ,0.00      ,0.384     ,0.0478    ,     10000
     1199,4.032     ,-0.79     ,0.294     ,0.0434    ,     10000
     1200,3.317     ,1.19      ,0.307     ,0.0337    ,     10000
     1201,3.254     ,-1.59     ,0.384     ,0.0260    ,     10000
     1202,4.032     ,0.40      ,0.384     ,0.0380    ,     10000
     1203,4.032     ,1.59      ,0.359     ,0.0413    ,     10000
     1204,4.032     ,-0.99     ,0.320     ,0.0489    ,     10000
     1205,4.032     ,1.79      ,0.397     ,0.0402    ,     10000
     1206,4.032     ,-2.38     ,0.539     ,0.0358    ,     10000
     1207,4.032     ,-2.18     ,0.243     ,0.0326    ,     10000
     1208,4.032     ,-1.79     ,0.076     ,0.0347    ,     10000
     1209,3.984     ,-0.20     ,0.371     ,0.0239    ,     10000
     1210,4.032     ,3.77      ,0.513     ,0.0337    ,     10000
     1211,4.032     ,-0.20     ,0.333     ,0.0467    ,     10000
     1212,4.032     ,2.58      ,0.384     ,0.0413    ,     10000
     1213,4.032     ,2.78      ,0.191     ,0.0337    ,     10000
     1214,4.032     ,0.60      ,0.410     ,0.0304    ,     10000
     1215,4.032     ,-0.20     ,0.153     ,0.0271    ,     10000
     1216,4.032     ,1.59      ,0.307     ,0.0206    ,     10000
     1217,4.032     ,1.98      ,0.153     ,0.0195    ,     10000
     1218,4.032     ,-0.40     ,0.410     ,0.0413    ,     10000
     1219,4.032     ,0.40      ,0.230     ,0.0391    ,     10000
     1220,4.032     ,0.79      ,0.204     ,0.0489    ,     10000
     1221,4.032     ,0.79      ,0.127     ,0.0424    ,     10000
     1222,4.032     ,-2.18     ,0.230     ,0.0293    ,     10000
     1223,4.032     ,-0.79     ,0.333     ,0.0304    ,     10000
     1224,4.032     ,1.19      ,0.243     ,0.0304    ,     10000
     1225,4.032     ,0.60      ,0.320     ,0.0260    ,     10000
     1226,4.032     ,0.40      ,0.359     ,0.0521    ,     10000
     1227,4.032     ,-0.99     ,0.101     ,0.0532    ,     10000
     1228,4.032     ,0.79      ,0.384     ,0.0391    ,     10000
     1229,4.032     ,2.18      ,0.204     ,0.0347    ,     10000
     1230,4.032     ,1.98      ,0.269     ,0.0239    ,     10000
     1231,4.032     ,-1.98     ,0.243     ,0.0402    ,     10000
     1232,4.032     ,0.00      ,0.333     ,0.0108    ,     10000
     1233,4.032     ,-0.79     ,0.063     ,0.0304    ,     10000
     1234,4.032     ,-1.39     ,0.359     ,0.0391    ,     10000
     1235,4.032     ,-1.19     ,0.217     ,0.0467    ,     10000
     1236,4.032     ,-1.19     ,0.294     ,0.0391    ,     10000
     1237,4.032     ,4.96      ,0.410     ,0.0554    ,     10000
     1238,4.032     ,0.99      ,0.449     ,0.0652    ,     10000
     1239,4.032     ,-2.98     ,0.294     ,0.0445    ,     10000
     1240,4.032     ,0.00      ,0.449     ,0.0260    ,     10000
     1241,3.810     ,1.59      ,0.307     ,0.0456    ,     10000
     1242,3.810     ,-0.40     ,0.461     ,0.0228    ,     10000
     1243,4.032     ,-0.60     ,0.333     ,0.0434    ,     10000
     1244,4.032     ,-0.60     ,0.153     ,0.0358    ,     10000
     1245,4.032     ,2.78      ,0.359     ,0.0587    ,     10000
     1246,4.032     ,2.38      ,0.281     ,0.0424    ,     10000
     1247,4.032     ,-1.79     ,0.371     ,0.0402    ,     10000
     1248,4.032     ,-0.60     ,0.346     ,0.0391    ,     10000
     1249,4.032     ,0.60      ,0.346     ,0.0521    ,     10000
     1250,4.032     ,1.19      ,0.294     ,0.0445    ,     10000
     1251,4.032     ,-1.19     ,0.089     ,0.0695    ,     10000
     1252,4.032     ,-2.98     ,0.256     ,0.0369    ,     10000
     1253,4.032     ,4.37      ,0.256     ,0.0739    ,     10000
     1254,4.032     ,0.60      ,0.320     ,0.0521    ,     10000
     1255,4.032     ,-1.98     ,0.256     ,0.0315    ,     10000
     1256,4.032     ,-3.17     ,0.230     ,0.0326    ,     10000
     1257,4.032     ,-0.79     ,0.076     ,0.0445    ,     10000
     1258,4.032     ,0.40      ,0.436     ,0.0369    ,     10000
     1259,4.032     ,0.60      ,0.256     ,0.0598    ,     10000
     1260,4.032     ,1.19      ,0.127     ,0.0304    ,     10000
     1261,4.032     ,1.39      ,0.410     ,0.0424    ,     10000
     1262,4.032     ,0.79      ,0.359     ,0.0489    ,     10000
     1263,4.032     ,1.39      ,0.281     ,0.0478    ,     10000
     1264,4.032     ,-2.58     ,0.449     ,0.0152    ,     10000
     1265,4.032     ,-1.39     ,0.436     ,0.0130    ,     10000
     1266,4.032     ,-0.99     ,0.307     ,0.0337    ,     10000
     1267,4.032     ,-0.60     ,0.320     ,0.0108    ,     10000
     1268,4.032     ,0.99      ,0.269     ,0.0402    ,     10000
     1269,4.032     ,1.59      ,0.397     ,0.0434    ,     10000
     1270,4.032     ,3.37      ,0.500     ,0.0445    ,     10000
     1271,4.032     ,1.98      ,0.307     ,0.0271    ,     10000
     1272,4.032     ,-3.37     ,0.307     ,0.0130    ,     10000
     1273,4.032     ,0.00      ,0.217     ,0.0108    ,     10000
     1274,4.032     ,0.00      ,0.294     ,0.0184    ,     10000
     1275,4.032     ,1.19      ,0.204     ,0.0152    ,     10000
     1276,4.032     ,-0.99     ,0.269     ,0.0152    ,     10000
     1277,4.032     ,-1.19     ,0.423     ,0.0347    ,     10000
     1278,4.032     ,0.60      ,0.217     ,0.0282    ,     10000
     1279,4.032     ,2.78      ,0.346     ,0.0337    ,     10000
     1280,4.032     ,0.60      ,0.307     ,0.0108    ,     10000
     1281,4.032     ,-0.99     ,0.346     ,0.0152    ,     10000
     1282,4.032     ,1.19      ,0.397     ,0.0163    ,     10000
     1283,4.032     ,-2.18     ,0.230     ,0.0108    ,     10000
     1284,4.032     ,-2.78     ,0.436     ,0.0304    ,     10000
     1285,4.032     ,3.97      ,0.230     ,0.0337    ,     10000
     1286,4.032     ,0.20      ,0.359     ,0.0402    ,     10000
     1287,4.032     ,1.19      ,0.191     ,0.0108    ,     10000
     1288,4.032     ,0.99      ,0.269     ,0.0195    ,     10000
     1289,4.032     ,0.99      ,0.436     ,0.0108    ,     10000
     1290,4.032     ,-0.60     ,0.256     ,0.0239    ,     10000
     1291,4.032     ,-0.20     ,0.140     ,0.0163    ,     10000
     1292,4.032     ,2.58      ,0.191     ,0.0217    ,     10000
     1293,4.032     ,2.38      ,0.166     ,0.0173    ,     10000
     1294,4.032     ,3.97      ,0.140     ,0.0217    ,     10000
     1295,4.032     ,3.37      ,0.256     ,0.0195    ,     10000
     1296,4.032     ,-1.59     ,0.140     ,0.0152    ,     10000
     1297,4.032     ,-0.40     ,0.384     ,0.0250    ,     10000
     1298,4.032     ,-1.19     ,0.294     ,0.0206    ,     10000
     1299,4.032     ,1.19      ,0.294     ,0.0141    ,     10000
     1300,4.032     ,-2.18     ,0.359     ,0.0108    ,     10000
     1301,4.032     ,0.20      ,0.397     ,0.0239    ,     10000
     1302,4.032     ,1.19      ,0.346     ,0.0282    ,     10000
     1303,4.032     ,-0.99     ,0.294     ,0.0380    ,     10000
     1304,4.032     ,1.39      ,0.371     ,0.0337    ,     10000
     1305,4.032     ,-2.98     ,0.526     ,0.0304    ,     10000
     1306,4.032     ,-2.38     ,0.243     ,0.0315    ,     10000
     1307,3.968     ,-1.79     ,0.076     ,0.0380    ,     10000
     1308,3.651     ,-0.20     ,0.371     ,0.0293    ,     10000
     1309,3.905     ,3.37      ,0.513     ,0.0369    ,     10000
     1310,4.032     ,-0.40     ,0.307     ,0.0554    ,     10000
     1311,4.032     ,2.78      ,0.384     ,0.0511    ,     10000
     1312,4.032     ,2.38      ,0.153     ,0.0445    ,     10000
     1313,4.032     ,0.20      ,0.397     ,0.0380    ,     10000
     1314,4.032     ,-0.40     ,0.153     ,0.0380    ,     10000
     1315,4.032     ,1.19      ,0.281     ,0.0369    ,     10000
     1316,4.000     ,1.59      ,0.140     ,0.0358    ,     10000
     1317,4.032     ,-0.99     ,0.410     ,0.0532    ,     10000
     1318,4.032     ,0.20      ,0.243     ,0.0500    ,     10000
     1319,4.032     ,0.60      ,0.179     ,0.0554    ,     10000
     1320,4.032     ,0.40      ,0.101     ,0.0511    ,     10000
     1321,4.032     ,-2.58     ,0.204     ,0.0413    ,     10000
     1322,4.032     ,-0.99     ,0.346     ,0.0434    ,     10000
     1323,4.032     ,0.99      ,0.230     ,0.0391    ,     10000
     1324,3.810     ,0.00      ,0.294     ,0.0315    ,     10000
     1325,3.587     ,0.20      ,0.333     ,0.0587    ,     10000
     1326,4.032     ,-1.19     ,0.114     ,0.0587    ,     10000
     1327,4.032     ,0.60      ,0.359     ,0.0478    ,     10000
     1328,4.032     ,1.98      ,0.166     ,0.0445    ,     10000
     1329,4.032     ,1.59      ,0.269     ,0.0304    ,     10000
     1330,4.032     ,-2.38     ,0.217     ,0.0413    ,     10000
     1331,4.032     ,-0.99     ,0.320     ,0.0108    ,     10000
     1332,3.746     ,-0.99     ,0.037     ,0.0337    ,     10000
     1333,3.524     ,-1.19     ,0.333     ,0.0445    ,     10000
     1334,3.317     ,-1.98     ,0.204     ,0.0467    ,     10000
     1335,4.032     ,-1.59     ,0.269     ,0.0337    ,     10000
     1336,4.032     ,4.96      ,0.410     ,0.0521    ,     10000
     1337,4.032     ,0.79      ,0.423     ,0.0587    ,     10000
     1338,4.032     ,-3.37     ,0.294     ,0.0337    ,     10000
     1339,4.032     ,-0.20     ,0.423     ,0.0163    ,     10000
     1340,4.032     ,1.59      ,0.307     ,0.0358    ,     10000
     1341,4.032     ,-0.40     ,0.449     ,0.0108    ,     10000
     1342,4.032     ,-0.99     ,0.307     ,0.0293    ,     10000
     1343,4.032     ,-0.79     ,0.153     ,0.0228    ,     10000
     1344,4.032     ,2.58      ,0.346     ,0.0467    ,     10000
     1345,4.032     ,2.18      ,0.256     ,0.0282    ,     10000
     1346,4.032     ,-1.98     ,0.384     ,0.0228    ,     10000
     1347,4.032     ,-0.79     ,0.333     ,0.0163    ,     10000
     1348,4.032     ,0.40      ,0.333     ,0.0337    ,     10000
     1349,4.032     ,0.99      ,0.281     ,0.0250    ,     10000
     1350,4.032     ,-1.39     ,0.076     ,0.0521    ,     10000
     1351,4.032     ,-3.17     ,0.256     ,0.0184    ,     10000
     1352,4.032     ,3.97      ,0.230     ,0.0543    ,     10000
     1353,4.032     ,0.60      ,0.307     ,0.0304    ,     10000
     1354,4.032     ,-2.58     ,0.217     ,0.0141    ,     10000
     1355,4.032     ,-3.57     ,0.204     ,0.0163    ,     10000
     1356,4.032     ,-0.79     ,0.063     ,0.0282    ,     10000
     1357,4.032     ,0.20      ,0.410     ,0.0228    ,     10000
     1358,3.270     ,0.20      ,0.230     ,0.0467    ,     10000
     1359,3.794     ,0.99      ,0.114     ,0.0195    ,     10000
     1360,3.937     ,1.39      ,0.397     ,0.0347    ,     10000
     1361,4.032     ,0.40      ,0.346     ,0.0413    ,     10000
     1362,4.032     ,0.99      ,0.307     ,0.0424    ,     10000
     1363,4.032     ,-2.58     ,0.436     ,0.0141    ,     10000
     1364,3.587     ,-1.39     ,0.449     ,0.0163    ,     10000
     1365,3.175     ,-0.99     ,0.320     ,0.0391    ,     10000
     1366,2.714     ,-0.40     ,0.333     ,0.0163    ,     10000
     1367,2.508     ,1.19      ,0.269     ,0.0521    ,     10000
     1368,2.635     ,1.39      ,0.423     ,0.0565    ,     10000
     1369,3.540     ,3.17      ,0.474     ,0.0619    ,     10000
     1370,3.667     ,1.98      ,0.333     ,0.0489    ,     10000
     1371,3.365     ,-3.17     ,0.307     ,0.0369    ,     10000
     1372,3.143     ,0.20      ,0.230     ,0.0326    ,     10000
     1373,2.476     ,0.00      ,0.307     ,0.0434    ,     10000
     1374,2.302     ,1.59      ,0.217     ,0.0445    ,     10000
     1375,2.048     ,-0.99     ,0.281     ,0.0467    ,     10000
     1376,2.571     ,-1.19     ,0.423     ,0.0706    ,     10000
     1377,2.476     ,0.40      ,0.256     ,0.0608    ,     10000
     1378,2.889     ,3.17      ,0.346     ,0.0685    ,     10000
     1379,2.794     ,0.60      ,0.307     ,0.0434    ,     10000
     1380,2.571     ,-0.99     ,0.346     ,0.0532    ,     10000
     1381,2.778     ,1.19      ,0.410     ,0.0576    ,     10000
     1382,1.730     ,-2.18     ,0.256     ,0.0402    ,     10000
     1383,2.127     ,-2.78     ,0.436     ,0.0663    ,     10000
     1384,1.587     ,4.37      ,0.243     ,0.0695    ,     10000
     1385,2.905     ,0.40      ,0.384     ,0.0837    ,     10000
     1386,2.587     ,1.19      ,0.204     ,0.0532    ,     10000
     1387,2.571     ,0.79      ,0.269     ,0.0608    ,     10000
     1388,2.603     ,0.79      ,0.449     ,0.0478    ,     10000
     1389,2.698     ,-0.60     ,0.256     ,0.0608    ,     10000
     1390,2.571     ,0.00      ,0.140     ,0.0576    ,     10000
     1391,2.063     ,2.98      ,0.204     ,0.0608    ,     10000
     1392,2.317     ,2.58      ,0.166     ,0.0565    ,     10000
     1393,2.254     ,4.17      ,0.140     ,0.0608    ,     10000
     1394,3.016     ,3.17      ,0.256     ,0.0587    ,     10000
     1395,3.381     ,-1.59     ,0.166     ,0.0500    ,     10000
     1396,2.984     ,0.00      ,0.384     ,0.0576    ,     10000
     1397,2.746     ,-0.79     ,0.307     ,0.0554    ,     10000
     1398,2.492     ,1.39      ,0.281     ,0.0478    ,     10000
     1399,2.810     ,-1.79     ,0.384     ,0.0402    ,     10000
     1400,2.810     ,0.40      ,0.397     ,0.0521    ,     10000
     1401,3.222     ,1.39      ,0.371     ,0.0554    ,     10000
     1402,3.651     ,-0.60     ,0.320     ,0.0619    ,     10000
     1403,2.698     ,1.59      ,0.371     ,0.0598    ,     10000
     1404,3.190     ,-2.78     ,0.526     ,0.0543    ,     10000
     1405,2.698     ,-2.38     ,0.230     ,0.0489    ,     10000
     1406,3.635     ,-1.79     ,0.076     ,0.0543    ,     10000
     1407,3.286     ,0.00      ,0.371     ,0.0467    ,     10000
     1408,4.032     ,3.37      ,0.526     ,0.0532    ,     10000
     1409,2.841     ,0.00      ,0.320     ,0.0695    ,     10000
     1410,2.794     ,2.78      ,0.384     ,0.0630    ,     10000
     1411,2.825     ,2.58      ,0.153     ,0.0543    ,     10000
     1412,3.238     ,0.00      ,0.397     ,0.0478    ,     10000
     1413,3.603     ,-0.20     ,0.179     ,0.0478    ,     10000
     1414,3.635     ,1.19      ,0.294     ,0.0478    ,     10000
     1415,3.317     ,1.79      ,0.140     ,0.0434    ,     10000
     1416,3.159     ,-0.40     ,0.410     ,0.0619    ,     10000
     1417,2.794     ,0.40      ,0.243     ,0.0576    ,     10000
     1418,2.587     ,0.79      ,0.191     ,0.0652    ,     10000
     1419,2.810     ,0.79      ,0.127     ,0.0608    ,     10000
     1420,2.556     ,-2.18     ,0.217     ,0.0511    ,     10000
     1421,3.127     ,-0.79     ,0.333     ,0.0532    ,     10000
     1422,3.206     ,1.19      ,0.230     ,0.0532    ,     10000
     1423,2.619     ,0.20      ,0.320     ,0.0456    ,     10000
     1424,1.698     ,0.40      ,0.346     ,0.0717    ,     10000
     1425,2.016     ,-0.99     ,0.114     ,0.0761    ,     10000
     1426,2.127     ,0.99      ,0.346     ,0.0663    ,     10000
     1427,2.317     ,2.38      ,0.179     ,0.0608    ,     10000
     1428,2.190     ,1.79      ,0.294     ,0.0467    ,     10000
     1429,2.286     ,-1.98     ,0.230     ,0.0619    ,     10000
     1430,1.524     ,-0.60     ,0.333     ,0.0293    ,     10000
     1431,1.429     ,-0.79     ,0.050     ,0.0521    ,     10000
     1432,1.746     ,-1.19     ,0.346     ,0.0663    ,     10000
     1433,1.492     ,-1.59     ,0.217     ,0.0685    ,     10000
     1434,1.175     ,-1.59     ,0.307     ,0.0587    ,     10000
     1435,1.825     ,5.36      ,0.410     ,0.0750    ,     10000
     1436,0.952     ,0.79      ,0.436     ,0.0858    ,     10000
     1437,0.746     ,-2.78     ,0.294     ,0.0630    ,     10000
     1438,0.905     ,-0.20     ,0.436     ,0.0467    ,     10000
     1439,1.413     ,1.79      ,0.294     ,0.0663    ,     10000
     1440,0.968     ,-0.40     ,0.461     ,0.0445    ,     10000
     1441,0.952     ,-0.40     ,0.333     ,0.0630    ,     10000
     1442,0.873     ,-0.60     ,0.166     ,0.0576    ,     10000
     1443,0.524     ,2.98      ,0.346     ,0.0804    ,     10000
     1444,1.254     ,2.38      ,0.294     ,0.0663    ,     10000
     1445,0.571     ,-1.59     ,0.384     ,0.0608    ,     10000
     1446,1.381     ,-0.60     ,0.359     ,0.0576    ,     10000
     1447,0.667     ,0.60      ,0.346     ,0.0761    ,     10000
     1448,1.365     ,0.99      ,0.307     ,0.0641    ,     10000
     1449,1.238     ,-0.99     ,0.089     ,0.0869    ,     10000
     1450,0.937     ,-2.78     ,0.243     ,0.0532    ,     10000
     1451,0.413     ,4.37      ,0.256     ,0.0913    ,     10000
     1452,1.302     ,0.60      ,0.320     ,0.0706    ,     10000
     1453,2.032     ,-2.18     ,0.256     ,0.0489    ,     10000
     1454,1.603     ,-3.57     ,0.217     ,0.0467    ,     10000
     1455,1.635     ,-0.40     ,0.089     ,0.0554    ,     10000
     1456,1.524     ,0.60      ,0.449     ,0.0532    ,     10000
     1457,1.302     ,0.60      ,0.243     ,0.0750    ,     10000
     1458,1.889     ,0.99      ,0.127     ,0.0489    ,     10000
     1459,2.079     ,1.59      ,0.410     ,0.0608    ,     10000
     1460,2.079     ,0.99      ,0.371     ,0.0663    ,     10000
     1461,2.016     ,1.19      ,0.307     ,0.0630    ,     10000
     1462,2.302     ,-2.18     ,0.410     ,0.0347    ,     10000
     1463,1.619     ,-1.19     ,0.423     ,0.0347    ,     10000
     1464,1.968     ,-0.99     ,0.281     ,0.0532    ,     10000
     1465,2.032     ,-0.20     ,0.307     ,0.0304    ,     10000
     1466,2.381     ,1.39      ,0.243     ,0.0630    ,     10000
     1467,2.238     ,1.79      ,0.371     ,0.0695    ,     10000
     1468,2.889     ,3.37      ,0.461     ,0.0717    ,     10000
     1469,2.619     ,2.38      ,0.281     ,0.0576    ,     10000
     1470,2.365     ,-3.17     ,0.294     ,0.0424    ,     10000
     1471,2.587     ,0.00      ,0.204     ,0.0347    ,     10000
     1472,2.571     ,0.40      ,0.269     ,0.0467    ,     10000
     1473,2.905     ,1.79      ,0.166     ,0.0489    ,     10000
     1474,2.444     ,-0.79     ,0.256     ,0.0467    ,     10000
     1475,2.778     ,-0.60     ,0.410     ,0.0685    ,     10000
     1476,2.571     ,0.79      ,0.191     ,0.0576    ,     10000
     1477,2.714     ,2.78      ,0.333     ,0.0663    ,     10000
     1478,2.778     ,0.99      ,0.294     ,0.0456    ,     10000
     1479,2.603     ,-0.60     ,0.294     ,0.0532    ,     10000
     1480,2.556     ,1.39      ,0.371     ,0.0543    ,     10000
     1481,1.000     ,-1.98     ,0.204     ,0.0380    ,     10000
     1482,1.476     ,-2.38     ,0.423     ,0.0619    ,     10000
     1483,1.444     ,4.17      ,0.191     ,0.0641    ,     10000
     1484,3.429     ,0.60      ,0.346     ,0.0782    ,     10000
     1485,3.270     ,1.19      ,0.179     ,0.0543    ,     10000
     1486,2.603     ,0.99      ,0.243     ,0.0641    ,     10000
     1487,1.460     ,0.99      ,0.423     ,0.0434    ,     10000
     1488,1.810     ,-0.60     ,0.243     ,0.0543    ,     10000
     1489,1.444     ,0.00      ,0.089     ,0.0500    ,     10000
     1490,1.968     ,2.98      ,0.191     ,0.0587    ,     10000
     1491,1.984     ,2.78      ,0.140     ,0.0619    ,     10000
     1492,2.778     ,4.17      ,0.140     ,0.0619    ,     10000
     1493,1.984     ,3.57      ,0.217     ,0.0543    ,     10000
     1494,1.873     ,-1.39     ,0.127     ,0.0478    ,     10000
     1495,0.286     ,0.00      ,0.359     ,0.0576    ,     10000
     1496,0.540     ,-0.40     ,0.269     ,0.0576    ,     10000
     1497,0.952     ,1.59      ,0.256     ,0.0521    ,     10000
     1498,2.556     ,-1.79     ,0.346     ,0.0445    ,     10000
     1499,1.778     ,0.40      ,0.384     ,0.0565    ,     10000
     1500,1.159     ,1.59      ,0.346     ,0.0630    ,     10000
     1501,0.302     ,-0.60     ,0.281     ,0.0717    ,     10000
     1502,0.603     ,1.79      ,0.359     ,0.0695    ,     10000
     1503,1.619     ,-2.58     ,0.487     ,0.0663    ,     10000
     1504,1.587     ,-1.98     ,0.204     ,0.0685    ,     10000
     1505,1.333     ,-1.79     ,0.050     ,0.0717    ,     10000
     1506,0.492     ,0.20      ,0.346     ,0.0608    ,     10000
     1507,0.778     ,3.97      ,0.500     ,0.0674    ,     10000
     1508,0.889     ,0.00      ,0.281     ,0.0858    ,     10000
     1509,1.492     ,2.98      ,0.359     ,0.0837    ,     10000
     1510,1.889     ,2.78      ,0.140     ,0.0761    ,     10000
     1511,1.905     ,0.20      ,0.384     ,0.0674    ,     10000
     1512,2.079     ,-0.40     ,0.127     ,0.0641    ,     10000
     1513,1.778     ,1.59      ,0.281     ,0.0630    ,     10000
     1514,1.254     ,1.79      ,0.127     ,0.0608    ,     10000
     1515,1.746     ,-0.79     ,0.384     ,0.0782    ,     10000
     1516,2.206     ,0.60      ,0.217     ,0.0739    ,     10000
     1517,2.698     ,0.60      ,0.153     ,0.0815    ,     10000
     1518,2.810     ,0.99      ,0.089     ,0.0772    ,     10000
     1519,2.222     ,-1.98     ,0.204     ,0.0619    ,     10000
     1520,2.381     ,-0.79     ,0.307     ,0.0630    ,     10000
     1521,2.698     ,1.19      ,0.217     ,0.0619    ,     10000
     1522,2.730     ,0.40      ,0.281     ,0.0532    ,     10000
     1523,2.984     ,0.00      ,0.320     ,0.0772    ,     10000
     1524,3.222     ,-0.79     ,0.089     ,0.0793    ,     10000
     1525,3.825     ,1.19      ,0.346     ,0.0652    ,     10000
     1526,3.778     ,2.18      ,0.140     ,0.0554    ,     10000
     1527,4.032     ,1.98      ,0.243     ,0.0413    ,     10000
     1528,4.032     ,-1.79     ,0.204     ,0.0543    ,     10000
     1529,3.921     ,-0.40     ,0.307     ,0.0206    ,     10000
     1530,3.905     ,-0.79     ,0.024     ,0.0402    ,     10000
     1531,3.937     ,-1.39     ,0.333     ,0.0511    ,     10000
     1532,4.032     ,-1.59     ,0.204     ,0.0521    ,     10000
     1533,4.032     ,-1.19     ,0.256     ,0.0424    ,     10000
     1534,4.032     ,5.56      ,0.384     ,0.0576    ,     10000
     1535,4.032     ,0.99      ,0.436     ,0.0641    ,     10000
     1536,4.032     ,-2.58     ,0.281     ,0.0424    ,     10000
     1537,4.032     ,0.00      ,0.423     ,0.0228    ,     10000
     1538,4.032     ,1.79      ,0.269     ,0.0434    ,     10000
     1539,4.032     ,0.00      ,0.423     ,0.0184    ,     10000
     1540,4.032     ,-0.60     ,0.294     ,0.0391    ,     10000
     1541,4.032     ,-0.60     ,0.140     ,0.0304    ,     10000
     1542,4.032     ,2.78      ,0.333     ,0.0554    ,     10000
     1543,4.032     ,2.38      ,0.230     ,0.0413    ,     10000
     1544,4.032     ,-1.79     ,0.359     ,0.0391    ,     10000
     1545,4.032     ,-0.60     ,0.346     ,0.0337    ,     10000
     1546,4.032     ,0.40      ,0.333     ,0.0511    ,     10000
     1547,3.079     ,0.99      ,0.281     ,0.0402    ,     10000
     1548,3.889     ,-0.99     ,0.063     ,0.0652    ,     10000
     1549,3.492     ,-2.98     ,0.230     ,0.0315    ,     10000
     1550,4.032     ,4.37      ,0.230     ,0.0695    ,     10000
     1551,4.032     ,0.79      ,0.307     ,0.0521    ,     10000
     1552,4.032     ,-2.38     ,0.217     ,0.0326    ,     10000
     1553,3.206     ,-3.57     ,0.179     ,0.0282    ,     10000
     1554,3.095     ,-0.40     ,0.063     ,0.0326    ,     10000
     1555,3.619     ,0.40      ,0.397     ,0.0315    ,     10000
     1556,3.968     ,0.40      ,0.204     ,0.0630    ,     10000
     1557,4.032     ,1.39      ,0.114     ,0.0391    ,     10000
     1558,4.032     ,1.59      ,0.397     ,0.0489    ,     10000
     1559,3.571     ,0.79      ,0.346     ,0.0478    ,     10000
     1560,3.571     ,1.19      ,0.281     ,0.0489    ,     10000
     1561,3.159     ,-2.38     ,0.423     ,0.0228    ,     10000
     1562,3.000     ,-1.19     ,0.449     ,0.0282    ,     10000
     1563,4.032     ,-0.60     ,0.294     ,0.0489    ,     10000
     1564,4.032     ,-0.20     ,0.333     ,0.0206    ,     10000
     1565,4.032     ,1.39      ,0.256     ,0.0521    ,     10000
     1566,3.159     ,1.79      ,0.410     ,0.0587    ,     10000
     1567,2.746     ,3.57      ,0.461     ,0.0619    ,     10000
     1568,2.524     ,2.18      ,0.294     ,0.0467    ,     10000
     1569,4.000     ,-2.78     ,0.294     ,0.0337    ,     10000
     1570,4.032     ,0.40      ,0.230     ,0.0282    ,     10000
     1571,4.032     ,0.20      ,0.294     ,0.0402    ,     10000
     1572,3.317     ,1.59      ,0.217     ,0.0402    ,     10000
     1573,2.921     ,-0.79     ,0.269     ,0.0369    ,     10000
     1574,3.841     ,-0.79     ,0.423     ,0.0598    ,     10000
     1575,4.032     ,0.79      ,0.230     ,0.0532    ,     10000
     1576,4.032     ,2.78      ,0.346     ,0.0619    ,     10000
     1577,4.032     ,0.79      ,0.307     ,0.0391    ,     10000
     1578,4.032     ,-0.60     ,0.320     ,0.0424    ,     10000
     1579,3.984     ,1.39      ,0.423     ,0.0413    ,     10000
     1580,3.937     ,-2.18     ,0.243     ,0.0250    ,     10000
     1581,4.032     ,-2.58     ,0.436     ,0.0565    ,     10000
     1582,4.032     ,4.37      ,0.230     ,0.0598    ,     10000
     1583,4.032     ,0.60      ,0.359     ,0.0695    ,     10000
     1584,4.032     ,1.39      ,0.204     ,0.0369    ,     10000
     1585,4.032     ,0.60      ,0.256     ,0.0434    ,     10000
     1586,4.032     ,0.99      ,0.449     ,0.0293    ,     10000
     1587,4.032     ,-0.20     ,0.256     ,0.0456    ,     10000
     1588,4.032     ,0.20      ,0.127     ,0.0391    ,     10000
     1589,4.032     ,3.17      ,0.204     ,0.0434    ,     10000
     1590,4.032     ,2.98      ,0.166     ,0.0358    ,     10000
     1591,4.032     ,4.37      ,0.140     ,0.0391    ,     10000
     1592,4.032     ,3.37      ,0.256     ,0.0347    ,     10000
     1593,4.032     ,-1.19     ,0.153     ,0.0304    ,     10000
     1594,4.032     ,0.20      ,0.371     ,0.0358    ,     10000
     1595,4.032     ,-0.60     ,0.281     ,0.0337    ,     10000
     1596,4.032     ,1.59      ,0.281     ,0.0239    ,     10000
     1597,4.032     ,-1.79     ,0.371     ,0.0173    ,     10000
     1598,4.032     ,0.40      ,0.397     ,0.0293    ,     10000
     1599,4.032     ,1.59      ,0.346     ,0.0347    ,     10000
     1600,4.032     ,-0.40     ,0.294     ,0.0413    ,     10000
     1601,4.032     ,1.59      ,0.371     ,0.0369    ,     10000
     1602,4.032     ,-2.78     ,0.513     ,0.0326    ,     10000
     1603,4.032     ,-1.98     ,0.217     ,0.0315    ,     10000
     1604,4.032     ,-1.59     ,0.076     ,0.0347    ,     10000
     1605,4.032     ,0.40      ,0.359     ,0.0250    ,     10000
     1606,4.032     ,3.77      ,0.500     ,0.0326    ,     10000
     1607,4.032     ,0.00      ,0.307     ,0.0489    ,     10000
     1608,4.032     ,2.98      ,0.397     ,0.0456    ,     10000
     1609,4.032     ,2.78      ,0.153     ,0.0369    ,     10000
     1610,4.032     ,0.20      ,0.397     ,0.0326    ,     10000
     1611,4.032     ,-0.20     ,0.140     ,0.0315    ,     10000
     1612,4.032     ,1.39      ,0.294     ,0.0282    ,     10000
     1613,4.032     ,1.98      ,0.153     ,0.0228    ,     10000
     1614,4.032     ,-0.60     ,0.410     ,0.0456    ,     10000
     1615,4.032     ,0.40      ,0.243     ,0.0456    ,     10000
     1616,4.032     ,0.60      ,0.179     ,0.0521    ,     10000
     1617,4.032     ,0.79      ,0.101     ,0.0478    ,     10000
     1618,4.032     ,-2.38     ,0.217     ,0.0326    ,     10000
     1619,4.032     ,-0.79     ,0.320     ,0.0337    ,     10000
     1620,4.032     ,1.19      ,0.217     ,0.0413    ,     10000
     1621,4.032     ,0.20      ,0.307     ,0.0369    ,     10000
     1622,4.032     ,0.40      ,0.333     ,0.0587    ,     10000
     1623,4.032     ,-0.99     ,0.114     ,0.0576    ,     10000
     1624,4.032     ,0.99      ,0.359     ,0.0456    ,     10000
     1625,4.032     ,2.38      ,0.179     ,0.0424    ,     10000
     1626,4.032     ,1.59      ,0.269     ,0.0337    ,     10000
     1627,4.032     ,-1.98     ,0.217     ,0.0489    ,     10000
     1628,4.032     ,-0.60     ,0.320     ,0.0108    ,     10000
     1629,4.032     ,-0.99     ,0.063     ,0.0304    ,     10000
     1630,4.032     ,-1.19     ,0.359     ,0.0456    ,     10000
     1631,4.032     ,-1.39     ,0.217     ,0.0521    ,     10000
     1632,4.032     ,-1.39     ,0.281     ,0.0424    ,     10000
     1633,4.032     ,5.16      ,0.410     ,0.0565    ,     10000
     1634,4.032     ,0.99      ,0.436     ,0.0630    ,     10000
     1635,4.032     ,-2.98     ,0.281     ,0.0434    ,     10000
     1636,3.984     ,0.00      ,0.436     ,0.0250    ,     10000
     1637,4.032     ,1.59      ,0.281     ,0.0456    ,     10000
     1638,4.032     ,-0.20     ,0.449     ,0.0217    ,     10000
     1639,4.032     ,-0.60     ,0.320     ,0.0413    ,     10000
     1640,4.032     ,-0.40     ,0.153     ,0.0326    ,     10000
     1641,4.032     ,2.78      ,0.359     ,0.0576    ,     10000
     1642,4.032     ,2.38      ,0.269     ,0.0413    ,     10000
     1643,4.032     ,-1.59     ,0.371     ,0.0391    ,     10000
     1644,4.032     ,-0.79     ,0.333     ,0.0347    ,     10000
     1645,4.032     ,0.40      ,0.359     ,0.0500    ,     10000
     1646,4.032     ,1.19      ,0.294     ,0.0380    ,     10000
     1647,4.032     ,-0.99     ,0.089     ,0.0641    ,     10000
     1648,4.032     ,-2.78     ,0.243     ,0.0326    ,     10000
     1649,4.032     ,4.17      ,0.256     ,0.0685    ,     10000
     1650,4.032     ,0.79      ,0.307     ,0.0445    ,     10000
     1651,4.032     ,-1.98     ,0.230     ,0.0260    ,     10000
     1652,4.032     ,-3.17     ,0.179     ,0.0228    ,     10000
     1653,4.032     ,-0.60     ,0.063     ,0.0337    ,     10000
     1654,4.032     ,0.60      ,0.436     ,0.0293    ,     10000
     1655,4.032     ,0.20      ,0.230     ,0.0532    ,     10000
     1656,4.032     ,0.99      ,0.114     ,0.0260    ,     10000
     1657,4.032     ,1.59      ,0.397     ,0.0369    ,     10000
     1658,4.032     ,0.99      ,0.371     ,0.0402    ,     10000
     1659,4.032     ,1.19      ,0.294     ,0.0434    ,     10000
     1660,4.032     ,-2.58     ,0.423     ,0.0119    ,     10000
     1661,4.032     ,-0.99     ,0.461     ,0.0108    ,     10000
     1662,4.032     ,-0.60     ,0.307     ,0.0304    ,     10000
     1663,4.032     ,-0.40     ,0.333     ,0.0108    ,     10000
     1664,4.032     ,1.59      ,0.269     ,0.0380    ,     10000
     1665,4.032     ,1.59      ,0.397     ,0.0434    ,     10000
     1666,4.032     ,3.37      ,0.487     ,0.0456    ,     10000
     1667,4.032     ,1.98      ,0.294     ,0.0304    ,     10000
     1668,4.032     ,-2.98     ,0.320     ,0.0163    ,     10000
     1669,4.032     ,0.20      ,0.230     ,0.0108    ,     10000
     1670,4.032     ,0.20      ,0.294     ,0.0206    ,     10000
     1671,4.032     ,1.98      ,0.191     ,0.0228    ,     10000
     1672,4.032     ,-0.79     ,0.281     ,0.0228    ,     10000
     1673,4.032     ,-0.79     ,0.423     ,0.0445    ,     10000
     1674,4.032     ,0.60      ,0.230     ,0.0326    ,     10000
     1675,4.032     ,3.17      ,0.346     ,0.0413    ,     10000
     1676,4.032     ,0.79      ,0.307     ,0.0206    ,     10000
     1677,4.032     ,-0.79     ,0.320     ,0.0282    ,     10000
     1678,4.032     ,1.39      ,0.410     ,0.0282    ,     10000
     1679,4.032     ,-1.79     ,0.269     ,0.0108    ,     10000
     1680,4.032     ,-2.78     ,0.423     ,0.0413    ,     10000
     1681,4.032     ,4.17      ,0.230     ,0.0445    ,     10000
     1682,4.032     ,0.60      ,0.384     ,0.0554    ,     10000
     1683,4.032     ,1.19      ,0.204     ,0.0250    ,     10000
     1684,4.032     ,1.19      ,0.256     ,0.0337    ,     10000
     1685,4.032     ,0.99      ,0.449     ,0.0195    ,     10000
     1686,4.032     ,-0.40     ,0.256     ,0.0369    ,     10000
     1687,4.032     ,0.00      ,0.153     ,0.0315    ,     10000
     1688,4.032     ,2.98      ,0.204     ,0.0380    ,     10000
     1689,4.032     ,2.78      ,0.166     ,0.0337    ,     10000
     1690,4.032     ,4.17      ,0.140     ,0.0391    ,     10000
     1691,4.032     ,3.37      ,0.269     ,0.0347    ,     10000
     1692,4.032     ,-1.59     ,0.127     ,0.0304    ,     10000
     1693,4.032     ,0.20      ,0.359     ,0.0391    ,     10000
     1694,4.032     ,-0.60     ,0.281     ,0.0380    ,     10000
     1695,4.032     ,1.39      ,0.294     ,0.0304    ,     10000
     1696,4.032     ,-1.59     ,0.359     ,0.0239    ,     10000
     1697,4.032     ,0.20      ,0.397     ,0.0358    ,     10000
     1698,4.032     ,1.39      ,0.359     ,0.0413    ,     10000
     1699,4.032     ,-0.60     ,0.307     ,0.0511    ,     10000
     1700,4.032     ,1.79      ,0.384     ,0.0467    ,     10000
     1701,4.032     ,-2.98     ,0.513     ,0.0424    ,     10000
     1702,4.032     ,-2.58     ,0.230     ,0.0402    ,     10000
     1703,4.032     ,-1.59     ,0.063     ,0.0434    ,     10000
     1704,4.032     ,0.00      ,0.384     ,0.0358    ,     10000
     1705,4.032     ,3.57      ,0.500     ,0.0424    ,     10000
     1706,4.032     ,-0.40     ,0.320     ,0.0587    ,     10000
     1707,4.032     ,2.78      ,0.384     ,0.0543    ,     10000
     1708,4.032     ,2.38      ,0.166     ,0.0467    ,     10000
     1709,4.032     ,0.00      ,0.410     ,0.0413    ,     10000
     1710,4.032     ,-0.40     ,0.153     ,0.0380    ,     10000
     1711,4.032     ,1.39      ,0.281     ,0.0369    ,     10000
     1712,4.032     ,1.79      ,0.153     ,0.0369    ,     10000
     1713,4.032     ,-0.60     ,0.410     ,0.0554    ,     10000
     1714,4.032     ,0.40      ,0.243     ,0.0511    ,     10000
     1715,4.032     ,0.40      ,0.166     ,0.0587    ,     10000
     1716,4.032     ,0.79      ,0.089     ,0.0576    ,     10000
     1717,4.032     ,-2.38     ,0.217     ,0.0424    ,     10000
     1718,4.032     ,-0.60     ,0.333     ,0.0445    ,     10000
     1719,4.032     ,0.79      ,0.217     ,0.0434    ,     10000
     1720,4.032     ,0.20      ,0.281     ,0.0380    ,     10000
     1721,4.032     ,0.40      ,0.320     ,0.0619    ,     10000
     1722,4.032     ,-0.99     ,0.114     ,0.0652    ,     10000
     1723,4.032     ,0.79      ,0.346     ,0.0521    ,     10000
     1724,4.032     ,2.18      ,0.166     ,0.0445    ,     10000
     1725,4.032     ,2.18      ,0.269     ,0.0326    ,     10000
     1726,4.032     ,-1.79     ,0.230     ,0.0467    ,     10000
     1727,4.032     ,-0.79     ,0.320     ,0.0108    ,     10000
     1728,4.032     ,-0.79     ,0.037     ,0.0337    ,     10000
     1729,4.032     ,-1.19     ,0.333     ,0.0456    ,     10000
     1730,4.032     ,-1.59     ,0.204     ,0.0478    ,     10000
     1731,4.032     ,-1.19     ,0.269     ,0.0369    ,     10000
     1732,4.032     ,5.16      ,0.410     ,0.0543    ,     10000
     1733,4.032     ,0.60      ,0.436     ,0.0619    ,     10000
     1734,4.032     ,-2.98     ,0.294     ,0.0424    ,     10000
     1735,4.032     ,0.00      ,0.436     ,0.0217    ,     10000
     1736,4.032     ,1.79      ,0.281     ,0.0424    ,     10000
     1737,4.032     ,-0.20     ,0.474     ,0.0184    ,     10000
     1738,4.032     ,-0.40     ,0.320     ,0.0380    ,     10000
     1739,4.032     ,-0.60     ,0.140     ,0.0304    ,     10000
     1740,4.032     ,2.98      ,0.359     ,0.0554    ,     10000
     1741,4.032     ,2.38      ,0.269     ,0.0402    ,     10000
     1742,4.032     ,-1.79     ,0.384     ,0.0391    ,     10000
     1743,4.032     ,-0.60     ,0.346     ,0.0347    ,     10000
     1744,4.032     ,0.40      ,0.346     ,0.0489    ,     10000
     1745,4.032     ,0.99      ,0.294     ,0.0380    ,     10000
     1746,4.032     ,-1.19     ,0.089     ,0.0641    ,     10000
     1747,4.032     ,-2.98     ,0.243     ,0.0347    ,     10000
     1748,3.905     ,4.17      ,0.230     ,0.0739    ,     10000
     1749,4.032     ,0.79      ,0.307     ,0.0500    ,     10000
     1750,3.825     ,-2.18     ,0.243     ,0.0315    ,     10000
     1751,3.698     ,-3.37     ,0.191     ,0.0293    ,     10000
     1752,3.651     ,-0.60     ,0.063     ,0.0413    ,     10000
     1753,3.825     ,0.60      ,0.436     ,0.0380    ,     10000
     1754,3.365     ,0.40      ,0.256     ,0.0641    ,     10000
     1755,3.841     ,1.19      ,0.114     ,0.0369    ,     10000
     1756,3.714     ,1.39      ,0.397     ,0.0489    ,     10000
     1757,3.476     ,0.79      ,0.346     ,0.0532    ,     10000
     1758,3.444     ,1.19      ,0.281     ,0.0543    ,     10000
     1759,3.381     ,-2.18     ,0.449     ,0.0271    ,     10000
     1760,3.238     ,-1.19     ,0.474     ,0.0271    ,     10000
     1761,3.444     ,-0.60     ,0.320     ,0.0478    ,     10000
     1762,3.349     ,-0.20     ,0.359     ,0.0239    ,     10000
     1763,3.302     ,1.19      ,0.256     ,0.0587    ,     10000
     1764,3.143     ,1.79      ,0.397     ,0.0619    ,     10000
     1765,3.540     ,3.57      ,0.487     ,0.0652    ,     10000
     1766,3.238     ,1.98      ,0.320     ,0.0511    ,     10000
     1767,3.143     ,-3.17     ,0.320     ,0.0380    ,     10000
     1768,3.254     ,0.00      ,0.243     ,0.0326    ,     10000
     1769,3.175     ,0.00      ,0.320     ,0.0424    ,     10000
     1770,3.349     ,1.59      ,0.217     ,0.0434    ,     10000
     1771,2.952     ,-0.79     ,0.281     ,0.0434    ,     10000
     1772,3.349     ,-0.99     ,0.423     ,0.0685    ,     10000
     1773,3.254     ,0.79      ,0.243     ,0.0576    ,     10000
     1774,3.190     ,3.17      ,0.359     ,0.0663    ,     10000
     1775,3.032     ,0.79      ,0.333     ,0.0413    ,     10000
     1776,2.952     ,-0.60     ,0.359     ,0.0489    ,     10000
     1777,3.079     ,1.39      ,0.423     ,0.0489    ,     10000
     1778,2.984     ,-1.98     ,0.256     ,0.0326    ,     10000
     1779,3.222     ,-2.58     ,0.461     ,0.0619    ,     10000
     1780,3.048     ,4.37      ,0.256     ,0.0641    ,     10000
     1781,3.413     ,0.60      ,0.384     ,0.0761    ,     10000
     1782,3.175     ,1.19      ,0.217     ,0.0445    ,     10000
     1783,3.111     ,0.79      ,0.294     ,0.0543    ,     10000
     1784,2.937     ,0.99      ,0.449     ,0.0402    ,     10000
     1785,3.159     ,-0.20     ,0.269     ,0.0554    ,     10000
     1786,3.190     ,0.20      ,0.140     ,0.0500    ,     10000
     1787,3.254     ,3.17      ,0.217     ,0.0554    ,     10000
     1788,3.397     ,2.78      ,0.179     ,0.0489    ,     10000
     1789,3.397     ,4.37      ,0.153     ,0.0543    ,     10000
     1790,3.302     ,3.57      ,0.281     ,0.0511    ,     10000
     1791,3.286     ,-1.39     ,0.153     ,0.0434    ,     10000
     1792,3.206     ,0.00      ,0.384     ,0.0511    ,     10000
     1793,3.317     ,-0.60     ,0.294     ,0.0511    ,     10000
     1794,3.159     ,1.39      ,0.307     ,0.0424    ,     10000
     1795,3.302     ,-1.98     ,0.384     ,0.0326    ,     10000
     1796,3.206     ,0.40      ,0.410     ,0.0467    ,     10000
     1797,3.476     ,1.59      ,0.346     ,0.0532    ,     10000
     1798,3.413     ,-0.60     ,0.320     ,0.0598    ,     10000
     1799,3.095     ,1.59      ,0.384     ,0.0543    ,     10000
     1800,2.952     ,-2.78     ,0.526     ,0.0500    ,     10000
     1801,2.873     ,-1.98     ,0.230     ,0.0478    ,     10000
     1802,3.222     ,-1.79     ,0.076     ,0.0521    ,     10000
     1803,3.079     ,0.20      ,0.384     ,0.0456    ,     10000
     1804,3.222     ,3.97      ,0.526     ,0.0511    ,     10000
     1805,3.111     ,-0.20     ,0.320     ,0.0674    ,     10000
     1806,3.254     ,2.98      ,0.410     ,0.0619    ,     10000
     1807,3.048     ,2.78      ,0.179     ,0.0565    ,     10000
     1808,2.714     ,0.20      ,0.410     ,0.0500    ,     10000
     1809,3.032     ,-0.20     ,0.166     ,0.0489    ,     10000
     1810,3.063     ,1.39      ,0.333     ,0.0467    ,     10000
     1811,2.984     ,1.79      ,0.153     ,0.0445    ,     10000
     1812,2.937     ,-0.60     ,0.423     ,0.0641    ,     10000
     1813,2.984     ,0.60      ,0.243     ,0.0598    ,     10000
     1814,2.683     ,0.79      ,0.191     ,0.0685    ,     10000
     1815,2.810     ,0.79      ,0.101     ,0.0663    ,     10000
     1816,2.286     ,-2.18     ,0.230     ,0.0521    ,     10000
     1817,2.619     ,-0.79     ,0.333     ,0.0532    ,     10000
     1818,2.571     ,1.19      ,0.256     ,0.0532    ,     10000
     1819,2.444     ,0.40      ,0.307     ,0.0489    ,     10000
     1820,2.333     ,0.20      ,0.346     ,0.0750    ,     10000
     1821,2.587     ,-0.79     ,0.114     ,0.0782    ,     10000
     1822,2.540     ,0.99      ,0.371     ,0.0663    ,     10000
     1823,2.190     ,2.18      ,0.204     ,0.0598    ,     10000
     1824,2.206     ,1.79      ,0.294     ,0.0478    ,     10000
     1825,2.302     ,-1.79     ,0.243     ,0.0641    ,     10000
     1826,2.079     ,-0.40     ,0.333     ,0.0282    ,     10000
     1827,2.222     ,-0.79     ,0.063     ,0.0511    ,     10000
     1828,2.095     ,-1.19     ,0.346     ,0.0641    ,     10000
     1829,2.286     ,-1.39     ,0.230     ,0.0663    ,     10000
     1830,2.127     ,-1.59     ,0.307     ,0.0565    ,     10000
     1831,2.317     ,5.16      ,0.423     ,0.0728    ,     10000
     1832,2.333     ,0.99      ,0.449     ,0.0815    ,     10000
     1833,1.968     ,-2.78     ,0.307     ,0.0587    ,     10000
     1834,1.873     ,0.00      ,0.449     ,0.0424    ,     10000
     1835,2.000     ,1.59      ,0.307     ,0.0619    ,     10000
     1836,2.190     ,0.00      ,0.474     ,0.0380    ,     10000
     1837,2.333     ,-0.60     ,0.333     ,0.0554    ,     10000
     1838,2.302     ,-0.20     ,0.166     ,0.0511    ,     10000
     1839,2.190     ,3.17      ,0.359     ,0.0750    ,     10000
     1840,2.444     ,2.58      ,0.281     ,0.0608    ,     10000
     1841,2.349     ,-1.59     ,0.384     ,0.0543    ,     10000
     1842,2.492     ,-0.40     ,0.359     ,0.0500    ,     10000
     1843,2.365     ,0.40      ,0.371     ,0.0652    ,     10000
     1844,2.302     ,1.39      ,0.307     ,0.0543    ,     10000
     1845,2.714     ,-1.19     ,0.089     ,0.0804    ,     10000
     1846,2.444     ,-2.98     ,0.269     ,0.0478    ,     10000
     1847,2.651     ,4.37      ,0.269     ,0.0848    ,     10000
     1848,2.714     ,0.99      ,0.320     ,0.0630    ,     10000
     1849,2.571     ,-1.98     ,0.256     ,0.0413    ,     10000
     1850,2.524     ,-3.17     ,0.230     ,0.0402    ,     10000
     1851,2.619     ,-0.40     ,0.089     ,0.0500    ,     10000
     1852,2.810     ,0.60      ,0.436     ,0.0467    ,     10000
     1853,2.413     ,0.40      ,0.256     ,0.0695    ,     10000
     1854,3.048     ,1.19      ,0.153     ,0.0445    ,     10000
     1855,2.905     ,1.79      ,0.423     ,0.0543    ,     10000
     1856,2.857     ,0.99      ,0.384     ,0.0565    ,     10000
     1857,2.762     ,1.39      ,0.294     ,0.0608    ,     10000
     1858,2.905     ,-2.38     ,0.410     ,0.0293    ,     10000
     1859,2.683     ,-1.39     ,0.436     ,0.0293    ,     10000
     1860,3.079     ,-0.99     ,0.294     ,0.0489    ,     10000
     1861,3.016     ,-0.60     ,0.320     ,0.0239    ,     10000
     1862,2.984     ,1.39      ,0.256     ,0.0576    ,     10000
     1863,2.794     ,1.59      ,0.371     ,0.0619    ,     10000
     1864,3.317     ,3.17      ,0.474     ,0.0652    ,     10000
     1865,3.048     ,2.18      ,0.281     ,0.0511    ,     10000
     1866,3.111     ,-2.98     ,0.281     ,0.0369    ,     10000
     1867,3.190     ,0.20      ,0.230     ,0.0315    ,     10000
     1868,3.000     ,0.00      ,0.294     ,0.0424    ,     10000
     1869,3.063     ,1.59      ,0.166     ,0.0424    ,     10000
     1870,2.952     ,-0.99     ,0.256     ,0.0424    ,     10000
     1871,3.286     ,-0.99     ,0.397     ,0.0641    ,     10000
     1872,3.032     ,0.60      ,0.204     ,0.0543    ,     10000
     1873,2.952     ,2.78      ,0.333     ,0.0619    ,     10000
     1874,2.714     ,0.60      ,0.281     ,0.0402    ,     10000
     1875,2.651     ,-0.99     ,0.320     ,0.0456    ,     10000
     1876,2.651     ,1.19      ,0.384     ,0.0478    ,     10000
     1877,2.603     ,-2.18     ,0.204     ,0.0293    ,     10000
     1878,2.825     ,-2.58     ,0.410     ,0.0587    ,     10000
     1879,2.698     ,3.97      ,0.204     ,0.0619    ,     10000
     1880,3.032     ,0.60      ,0.371     ,0.0761    ,     10000
     1881,2.968     ,1.39      ,0.166     ,0.0445    ,     10000
     1882,2.905     ,0.99      ,0.230     ,0.0511    ,     10000
     1883,2.651     ,0.79      ,0.436     ,0.0380    ,     10000
     1884,2.825     ,-0.60     ,0.243     ,0.0554    ,     10000
     1885,2.825     ,0.00      ,0.114     ,0.0500    ,     10000
     1886,2.952     ,2.78      ,0.179     ,0.0532    ,     10000
     1887,3.063     ,2.78      ,0.153     ,0.0489    ,     10000
     1888,3.079     ,3.97      ,0.114     ,0.0521    ,     10000
     1889,2.968     ,3.17      ,0.230     ,0.0511    ,     10000
     1890,3.048     ,-1.79     ,0.114     ,0.0434    ,     10000
     1891,2.825     ,0.20      ,0.346     ,0.0521    ,     10000
     1892,2.968     ,-0.79     ,0.269     ,0.0521    ,     10000
     1893,2.698     ,0.99      ,0.256     ,0.0434    ,     10000
     1894,2.937     ,-1.79     ,0.359     ,0.0380    ,     10000
     1895,2.794     ,0.40      ,0.371     ,0.0489    ,     10000
     1896,3.175     ,1.39      ,0.333     ,0.0554    ,     10000
     1897,3.048     ,-0.99     ,0.294     ,0.0641    ,     10000
     1898,2.810     ,1.39      ,0.359     ,0.0587    ,     10000
     1899,2.667     ,-2.58     ,0.500     ,0.0532    ,     10000
     1900,2.667     ,-2.18     ,0.217     ,0.0521    ,     10000
     1901,3.000     ,-1.79     ,0.050     ,0.0565    ,     10000
     1902,2.952     ,-0.20     ,0.346     ,0.0478    ,     10000
     1903,3.111     ,3.57      ,0.487     ,0.0532    ,     10000
     1904,3.159     ,-0.40     ,0.294     ,0.0706    ,     10000
     1905,3.333     ,2.98      ,0.371     ,0.0674    ,     10000
     1906,3.238     ,2.58      ,0.127     ,0.0598    ,     10000
     1907,2.841     ,0.20      ,0.384     ,0.0511    ,     10000
     1908,3.286     ,-0.60     ,0.153     ,0.0500    ,     10000
     1909,3.444     ,1.39      ,0.281     ,0.0467    ,     10000
     1910,3.429     ,1.59      ,0.127     ,0.0445    ,     10000
     1911,3.476     ,-0.79     ,0.384     ,0.0630    ,     10000
     1912,3.651     ,0.40      ,0.217     ,0.0576    ,     10000
     1913,3.444     ,0.40      ,0.179     ,0.0652    ,     10000
     1914,3.635     ,0.40      ,0.076     ,0.0641    ,     10000
     1915,3.159     ,-2.18     ,0.191     ,0.0500    ,     10000
     1916,3.603     ,-0.79     ,0.320     ,0.0500    ,     10000
     1917,3.651     ,0.79      ,0.217     ,0.0489    ,     10000
     1918,3.603     ,0.00      ,0.307     ,0.0434    ,     10000
     1919,3.571     ,0.20      ,0.333     ,0.0652    ,     10000
     1920,3.889     ,-1.39     ,0.076     ,0.0728    ,     10000
     1921,3.952     ,0.60      ,0.346     ,0.0587    ,     10000
     1922,3.651     ,2.18      ,0.153     ,0.0500    ,     10000
     1923,3.698     ,1.79      ,0.243     ,0.0391    ,     10000
     1924,3.841     ,-2.38     ,0.204     ,0.0543    ,     10000
     1925,3.730     ,-0.60     ,0.307     ,0.0195    ,     10000
     1926,3.857     ,-1.19     ,0.037     ,0.0413    ,     10000
     1927,3.841     ,-1.19     ,0.320     ,0.0532    ,     10000
     1928,4.032     ,-1.59     ,0.191     ,0.0543    ,     10000
     1929,3.952     ,-1.59     ,0.256     ,0.0445    ,     10000
     1930,4.032     ,5.36      ,0.384     ,0.0619    ,     10000
     1931,4.032     ,0.60      ,0.423     ,0.0695    ,     10000
     1932,3.762     ,-2.98     ,0.269     ,0.0489    ,     10000
     1933,3.683     ,-0.40     ,0.410     ,0.0293    ,     10000
     1934,3.810     ,1.39      ,0.281     ,0.0500    ,     10000
     1935,4.032     ,-0.40     ,0.449     ,0.0250    ,     10000
     1936,4.032     ,-0.79     ,0.307     ,0.0434    ,     10000
     1937,4.032     ,-0.60     ,0.140     ,0.0369    ,     10000
     1938,3.968     ,2.58      ,0.333     ,0.0630    ,     10000
     1939,4.032     ,2.38      ,0.243     ,0.0467    ,     10000
     1940,4.032     ,-1.98     ,0.359     ,0.0424    ,     10000
     1941,4.032     ,-0.60     ,0.307     ,0.0380    ,     10000
     1942,4.032     ,0.20      ,0.346     ,0.0532    ,     10000
     1943,3.984     ,0.99      ,0.269     ,0.0424    ,     10000
     1944,4.032     ,-1.19     ,0.063     ,0.0674    ,     10000
     1945,4.032     ,-3.17     ,0.230     ,0.0369    ,     10000
     1946,4.000     ,4.17      ,0.204     ,0.0728    ,     10000
     1947,4.032     ,0.60      ,0.281     ,0.0521    ,     10000
     1948,4.000     ,-2.78     ,0.230     ,0.0304    ,     10000
     1949,3.984     ,-3.57     ,0.166     ,0.0293    ,     10000
     1950,3.984     ,-0.60     ,0.063     ,0.0424    ,     10000
     1951,4.032     ,0.20      ,0.436     ,0.0347    ,     10000
     1952,3.825     ,0.00      ,0.204     ,0.0587    ,     10000
     1953,4.032     ,0.79      ,0.089     ,0.0326    ,     10000
     1954,4.032     ,1.59      ,0.384     ,0.0445    ,     10000
     1955,4.032     ,0.60      ,0.359     ,0.0489    ,     10000
     1956,4.032     ,0.99      ,0.256     ,0.0511    ,     10000
     1957,4.032     ,-2.58     ,0.410     ,0.0228    ,     10000
     1958,4.032     ,-1.39     ,0.449     ,0.0206    ,     10000
     1959,4.032     ,-0.99     ,0.307     ,0.0413    ,     10000
     1960,4.032     ,-0.60     ,0.333     ,0.0163    ,     10000
     1961,4.032     ,0.99      ,0.256     ,0.0500    ,     10000
     1962,4.032     ,1.39      ,0.397     ,0.0554    ,     10000
     1963,4.032     ,3.17      ,0.474     ,0.0576    ,     10000
     1964,4.032     ,1.79      ,0.294     ,0.0424    ,     10000
     1965,4.032     ,-3.37     ,0.307     ,0.0304    ,     10000
     1966,4.032     ,-0.20     ,0.230     ,0.0239    ,     10000
     1967,4.032     ,0.00      ,0.281     ,0.0337    ,     10000
     1968,4.032     ,1.59      ,0.204     ,0.0358    ,     10000
     1969,4.032     ,-0.99     ,0.269     ,0.0347    ,     10000
     1970,4.032     ,-1.19     ,0.423     ,0.0576    ,     10000
     1971,4.032     ,0.60      ,0.217     ,0.0467    ,     10000
     1972,4.032     ,2.58      ,0.346     ,0.0554    ,     10000
     1973,4.032     ,0.60      ,0.294     ,0.0315    ,     10000
     1974,4.032     ,-0.99     ,0.346     ,0.0380    ,     10000
     1975,4.032     ,0.99      ,0.384     ,0.0402    ,     10000
     1976,4.032     ,-2.38     ,0.230     ,0.0217    ,     10000
     1977,4.032     ,-2.98     ,0.423     ,0.0511    ,     10000
     1978,4.032     ,3.97      ,0.230     ,0.0543    ,     10000
     1979,4.032     ,0.40      ,0.371     ,0.0641    ,     10000
     1980,4.032     ,0.99      ,0.204     ,0.0347    ,     10000
     1981,4.032     ,0.79      ,0.256     ,0.0424    ,     10000
     1982,4.032     ,0.60      ,0.449     ,0.0271    ,     10000
     1983,4.032     ,-0.60     ,0.243     ,0.0424    ,     10000
     1984,4.032     ,-0.40     ,0.114     ,0.0391    ,     10000
     1985,4.032     ,2.78      ,0.191     ,0.0434    ,     10000
     1986,4.032     ,2.58      ,0.153     ,0.0369    ,     10000
     1987,4.032     ,4.17      ,0.140     ,0.0424    ,     10000
     1988,4.032     ,3.17      ,0.256     ,0.0369    ,     10000
     1989,4.032     ,-1.98     ,0.127     ,0.0326    ,     10000
     1990,4.032     ,-0.20     ,0.371     ,0.0402    ,     10000
     1991,4.032     ,-0.99     ,0.281     ,0.0402    ,     10000
     1992,4.032     ,0.99      ,0.281     ,0.0293    ,     10000
     1993,4.032     ,-1.79     ,0.371     ,0.0217    ,     10000
     1994,4.032     ,0.20      ,0.371     ,0.0358    ,     10000
     1995,4.032     ,1.39      ,0.359     ,0.0424    ,     10000
     1996,4.032     ,-1.19     ,0.307     ,0.0489    ,     10000
     1997,4.032     ,1.39      ,0.371     ,0.0434    ,     10000
     1998,4.032     ,-2.78     ,0.500     ,0.0369    ,     10000
     1999,4.032     ,-2.38     ,0.217     ,0.0380    ,     10000
     2000,4.032     ,-1.98     ,0.063     ,0.0424    ,     10000
     2001,4.032     ,-0.20     ,0.359     ,0.0326    ,     10000
     2002,4.032     ,3.37      ,0.513     ,0.0402    ,     10000
     2003,4.032     ,-0.40     ,0.294     ,0.0554    ,     10000
     2004,4.032     ,2.78      ,0.384     ,0.0521    ,     10000
     2005,4.032     ,2.58      ,0.166     ,0.0445    ,     10000
     2006,4.032     ,0.40      ,0.410     ,0.0380    ,     10000
     2007,4.032     ,-0.40     ,0.140     ,0.0369    ,     10000
     2008,4.032     ,1.19      ,0.281     ,0.0337    ,     10000
     2009,4.032     ,1.39      ,0.127     ,0.0315    ,     10000
     2010,4.032     ,-0.60     ,0.397     ,0.0500    ,     10000
     2011,4.032     ,0.20      ,0.243     ,0.0478    ,     10000
     2012,4.032     ,0.79      ,0.191     ,0.0543    ,     10000
     2013,4.032     ,0.79      ,0.114     ,0.0532    ,     10000
     2014,4.032     ,-2.38     ,0.204     ,0.0402    ,     10000
     2015,4.032     ,-0.79     ,0.320     ,0.0413    ,     10000
     2016,4.032     ,1.19      ,0.217     ,0.0402    ,     10000
     2017,4.032     ,0.40      ,0.307     ,0.0358    ,     10000
     2018,4.032     ,0.00      ,0.333     ,0.0576    ,     10000
     2019,4.032     ,-1.39     ,0.101     ,0.0641    ,     10000
     2020,4.032     ,0.79      ,0.346     ,0.0521    ,     10000
     2021,4.032     ,2.18      ,0.166     ,0.0445    ,     10000
     2022,4.032     ,1.59      ,0.281     ,0.0315    ,     10000
     2023,4.032     ,-1.98     ,0.217     ,0.0467    ,     10000
     2024,4.032     ,-0.79     ,0.320     ,0.0119    ,     10000
     2025,4.032     ,-1.19     ,0.063     ,0.0347    ,     10000
     2026,4.032     ,-1.19     ,0.333     ,0.0467    ,     10000
     2027,4.032     ,-1.79     ,0.191     ,0.0511    ,     10000
     2028,4.032     ,-1.59     ,0.281     ,0.0402    ,     10000
     2029,4.032     ,4.96      ,0.410     ,0.0565    ,     10000
     2030,4.032     ,0.60      ,0.436     ,0.0630    ,     10000
     2031,4.032     ,-3.37     ,0.294     ,0.0434    ,     10000
     2032,4.032     ,-0.20     ,0.436     ,0.0239    ,     10000
     2033,4.032     ,1.39      ,0.281     ,0.0424    ,     10000
     2034,4.032     ,-0.40     ,0.461     ,0.0195    ,     10000
     2035,4.032     ,-0.79     ,0.307     ,0.0380    ,     10000
     2036,4.032     ,-0.79     ,0.140     ,0.0304    ,     10000
     2037,4.032     ,2.58      ,0.333     ,0.0565    ,     10000
     2038,4.032     ,2.18      ,0.256     ,0.0413    ,     10000
     2039,4.032     ,-1.98     ,0.359     ,0.0358    ,     10000
     2040,4.032     ,-0.60     ,0.333     ,0.0326    ,     10000
     2041,4.032     ,0.40      ,0.359     ,0.0467    ,     10000
     2042,4.032     ,0.99      ,0.294     ,0.0369    ,     10000
     2043,4.032     ,-1.39     ,0.089     ,0.0630    ,     10000
     2044,4.032     ,-2.98     ,0.243     ,0.0304    ,     10000
     2045,4.032     ,3.77      ,0.230     ,0.0685    ,     10000
     2046,4.032     ,0.60      ,0.307     ,0.0445    ,     10000
     2047,4.032     ,-2.18     ,0.230     ,0.0260    ,     10000
     2048,4.032     ,-3.57     ,0.191     ,0.0228    ,     10000
     2049,4.032     ,-0.60     ,0.050     ,0.0347    ,     10000
     2050,4.032     ,0.40      ,0.423     ,0.0304    ,     10000
     2051,4.032     ,-0.20     ,0.243     ,0.0554    ,     10000
     2052,4.032     ,0.99      ,0.114     ,0.0282    ,     10000
     2053,4.032     ,1.39      ,0.397     ,0.0380    ,     10000
     2054,4.032     ,0.79      ,0.359     ,0.0434    ,     10000
     2055,4.032     ,0.99      ,0.281     ,0.0445    ,     10000
     2056,4.032     ,-2.38     ,0.436     ,0.0152    ,     10000
     2057,4.032     ,-1.39     ,0.461     ,0.0141    ,     10000
     2058,4.032     ,-0.60     ,0.307     ,0.0347    ,     10000
     2059,4.032     ,-0.40     ,0.320     ,0.0108    ,     10000
     2060,4.032     ,1.39      ,0.256     ,0.0434    ,     10000
     2061,4.032     ,1.59      ,0.397     ,0.0489    ,     10000
     2062,4.032     ,3.37      ,0.487     ,0.0521    ,     10000
     2063,4.032     ,2.18      ,0.294     ,0.0369    ,     10000
     2064,4.032     ,-2.78     ,0.294     ,0.0250    ,     10000
     2065,4.032     ,0.20      ,0.230     ,0.0173    ,     10000
     2066,4.032     ,0.00      ,0.307     ,0.0271    ,     10000
     2067,4.032     ,1.98      ,0.191     ,0.0293    ,     10000
     2068,4.032     ,-0.99     ,0.256     ,0.0293    ,     10000
     2069,4.032     ,-0.79     ,0.410     ,0.0521    ,     10000
     2070,4.032     ,0.79      ,0.243     ,0.0413    ,     10000
     2071,4.032     ,2.78      ,0.333     ,0.0489    ,     10000
     2072,4.032     ,0.60      ,0.307     ,0.0271    ,     10000
     2073,4.032     ,-0.60     ,0.320     ,0.0337    ,     10000
     2074,4.032     ,1.19      ,0.410     ,0.0347    ,     10000
     2075,4.032     ,-1.98     ,0.243     ,0.0173    ,     10000
     2076,4.032     ,-2.38     ,0.436     ,0.0467    ,     10000
     2077,4.032     ,4.17      ,0.230     ,0.0489    ,     10000
     2078,4.032     ,0.40      ,0.371     ,0.0630    ,     10000
     2079,4.032     ,1.39      ,0.204     ,0.0293    ,     10000
     2080,4.032     ,0.99      ,0.256     ,0.0413    ,     10000
     2081,4.032     ,0.99      ,0.436     ,0.0250    ,     10000
     2082,4.032     ,-0.20     ,0.256     ,0.0424    ,     10000
     2083,4.032     ,0.00      ,0.114     ,0.0358    ,     10000
     2084,4.032     ,2.98      ,0.204     ,0.0413    ,     10000
     2085,4.032     ,2.58      ,0.166     ,0.0369    ,     10000
     2086,4.032     ,4.17      ,0.153     ,0.0413    ,     10000
     2087,4.032     ,3.37      ,0.256     ,0.0391    ,     10000
     2088,4.032     ,-1.39     ,0.114     ,0.0315    ,     10000
     2089,4.032     ,0.20      ,0.371     ,0.0413    ,     10000
     2090,4.032     ,-0.60     ,0.294     ,0.0402    ,     10000
     2091,4.032     ,1.39      ,0.281     ,0.0315    ,     10000
     2092,4.032     ,-1.59     ,0.371     ,0.0260    ,     10000
     2093,4.032     ,0.20      ,0.384     ,0.0358    ,     10000
     2094,4.032     ,1.39      ,0.359     ,0.0434    ,     10000
     2095,4.032     ,-0.79     ,0.294     ,0.0511    ,     10000
     2096,4.032     ,1.79      ,0.384     ,0.0456    ,     10000
     2097,4.032     ,-2.78     ,0.539     ,0.0402    ,     10000
     2098,4.032     ,-2.18     ,0.230     ,0.0413    ,     10000
     2099,4.032     ,-1.79     ,0.063     ,0.0445    ,     10000
     2100,4.032     ,0.20      ,0.371     ,0.0358    ,     10000
     2101,4.032     ,3.57      ,0.513     ,0.0424    ,     10000
     2102,4.032     ,-0.60     ,0.294     ,0.0598    ,     10000
     2103,4.032     ,2.78      ,0.371     ,0.0543    ,     10000
     2104,4.032     ,2.58      ,0.166     ,0.0478    ,     10000
     2105,4.032     ,0.40      ,0.397     ,0.0413    ,     10000
     2106,4.032     ,-0.20     ,0.153     ,0.0391    ,     10000
     2107,4.032     ,1.59      ,0.281     ,0.0347    ,     10000
     2108,4.032     ,1.79      ,0.140     ,0.0358    ,     10000
     2109,4.032     ,-0.60     ,0.410     ,0.0532    ,     10000
     2110,4.032     ,0.40      ,0.243     ,0.0500    ,     10000
     2111,4.032     ,0.79      ,0.166     ,0.0587    ,     10000
     2112,4.032     ,0.79      ,0.089     ,0.0565    ,     10000
     2113,3.968     ,-2.18     ,0.204     ,0.0424    ,     10000
     2114,4.032     ,-0.60     ,0.320     ,0.0434    ,     10000
     2115,4.032     ,1.19      ,0.217     ,0.0424    ,     10000
     2116,4.032     ,0.40      ,0.320     ,0.0380    ,     10000
     2117,4.032     ,0.60      ,0.333     ,0.0619    ,     10000
     2118,4.032     ,-0.99     ,0.089     ,0.0652    ,     10000
     2119,4.032     ,0.99      ,0.346     ,0.0532    ,     10000
     2120,4.032     ,2.38      ,0.166     ,0.0456    ,     10000
     2121,4.032     ,1.79      ,0.269     ,0.0337    ,     10000
     2122,4.032     ,-1.98     ,0.217     ,0.0511    ,     10000
     2123,4.032     ,-0.60     ,0.320     ,0.0152    ,     10000
     2124,4.032     ,-0.79     ,0.037     ,0.0369    ,     10000
     2125,4.032     ,-1.19     ,0.333     ,0.0511    ,     10000
     2126,4.032     ,-1.59     ,0.217     ,0.0532    ,     10000
     2127,4.032     ,-1.19     ,0.281     ,0.0434    ,     10000
     2128,4.032     ,5.36      ,0.397     ,0.0598    ,     10000
     2129,4.032     ,0.79      ,0.410     ,0.0685    ,     10000
     2130,3.952     ,-2.98     ,0.294     ,0.0467    ,     10000
     2131,3.889     ,0.20      ,0.436     ,0.0271    ,     10000
     2132,4.000     ,1.59      ,0.294     ,0.0478    ,     10000
     2133,4.032     ,-0.20     ,0.449     ,0.0228    ,     10000
     2134,4.032     ,-0.60     ,0.320     ,0.0424    ,     10000
     2135,4.032     ,-0.40     ,0.127     ,0.0358    ,     10000
     2136,4.032     ,2.78      ,0.346     ,0.0630    ,     10000
     2137,4.032     ,2.18      ,0.269     ,0.0467    ,     10000
     2138,4.000     ,-1.79     ,0.371     ,0.0424    ,     10000
     2139,4.032     ,-0.60     ,0.333     ,0.0380    ,     10000
     2140,3.968     ,0.40      ,0.333     ,0.0543    ,     10000
     2141,3.857     ,1.19      ,0.294     ,0.0434    ,     10000
     2142,4.032     ,-1.19     ,0.089     ,0.0695    ,     10000
     2143,3.905     ,-2.78     ,0.230     ,0.0391    ,     10000
     2144,3.841     ,4.17      ,0.230     ,0.0750    ,     10000
     2145,4.000     ,0.79      ,0.307     ,0.0532    ,     10000
     2146,3.794     ,-2.18     ,0.243     ,0.0315    ,     10000
     2147,3.746     ,-3.37     ,0.179     ,0.0304    ,     10000
     2148,3.683     ,-0.40     ,0.050     ,0.0434    ,     10000
     2149,3.905     ,0.20      ,0.436     ,0.0391    ,     10000
     2150,3.476     ,0.20      ,0.217     ,0.0630    ,     10000
     2151,3.984     ,1.19      ,0.101     ,0.0358    ,     10000
     2152,3.921     ,1.39      ,0.397     ,0.0467    ,     10000
     2153,3.683     ,0.99      ,0.359     ,0.0532    ,     10000
     2154,3.651     ,1.39      ,0.294     ,0.0532    ,     10000
     2155,3.603     ,-2.18     ,0.436     ,0.0250    ,     10000
     2156,3.476     ,-1.19     ,0.461     ,0.0228    ,     10000
     2157,3.698     ,-0.79     ,0.320     ,0.0445    ,     10000
     2158,3.667     ,-0.40     ,0.333     ,0.0217    ,     10000
     2159,3.635     ,1.19      ,0.269     ,0.0543    ,     10000
     2160,3.492     ,1.59      ,0.397     ,0.0598    ,     10000
     2161,3.921     ,3.57      ,0.487     ,0.0630    ,     10000
     2162,3.635     ,1.98      ,0.320     ,0.0467    ,     10000
     2163,3.556     ,-2.98     ,0.307     ,0.0347    ,     10000
     2164,3.635     ,0.20      ,0.243     ,0.0293    ,     10000
     2165,3.476     ,0.20      ,0.307     ,0.0402    ,     10000
     2166,3.667     ,1.79      ,0.217     ,0.0402    ,     10000
     2167,3.381     ,-0.60     ,0.281     ,0.0413    ,     10000
     2168,3.794     ,-0.79     ,0.436     ,0.0619    ,     10000
     2169,3.603     ,0.79      ,0.243     ,0.0532    ,     10000
     2170,3.587     ,2.78      ,0.359     ,0.0608    ,     10000
     2171,3.270     ,0.79      ,0.333     ,0.0380    ,     10000
     2172,3.286     ,-0.79     ,0.320     ,0.0445    ,     10000
     2173,3.349     ,1.39      ,0.423     ,0.0456    ,     10000
     2174,3.349     ,-1.98     ,0.256     ,0.0282    ,     10000
     2175,3.444     ,-2.38     ,0.449     ,0.0565    ,     10000
     2176,3.381     ,4.17      ,0.230     ,0.0608    ,     10000
     2177,3.683     ,0.40      ,0.410     ,0.0728    ,     10000
     2178,3.587     ,1.59      ,0.217     ,0.0413    ,     10000
     2179,3.397     ,1.19      ,0.281     ,0.0511    ,     10000
     2180,3.254     ,1.39      ,0.449     ,0.0347    ,     10000
     2181,3.429     ,-0.60     ,0.269     ,0.0521    ,     10000
     2182,3.492     ,0.00      ,0.140     ,0.0456    ,     10000
     2183,3.460     ,2.98      ,0.217     ,0.0521    ,     10000
     2184,3.635     ,2.78      ,0.191     ,0.0467    ,     10000
     2185,3.603     ,4.37      ,0.140     ,0.0511    ,     10000
     2186,3.556     ,3.57      ,0.281     ,0.0478    ,     10000
     2187,3.524     ,-1.19     ,0.153     ,0.0424    ,     10000
     2188,3.397     ,0.20      ,0.371     ,0.0511    ,     10000
     2189,3.508     ,-0.20     ,0.281     ,0.0456    ,     10000
     2190,3.222     ,1.39      ,0.307     ,0.0402    ,     10000
     2191,3.413     ,-1.59     ,0.384     ,0.0326    ,     10000
     2192,3.317     ,0.40      ,0.397     ,0.0434    ,     10000
     2193,3.683     ,1.79      ,0.359     ,0.0511    ,     10000
     2194,3.508     ,-0.60     ,0.307     ,0.0598    ,     10000
     2195,3.238     ,1.59      ,0.397     ,0.0532    ,     10000
     2196,3.079     ,-2.78     ,0.513     ,0.0489    ,     10000
     2197,3.032     ,-2.18     ,0.243     ,0.0467    ,     10000
     2198,3.286     ,-1.59     ,0.089     ,0.0521    ,     10000
     2199,3.206     ,0.00      ,0.397     ,0.0434    ,     10000
     2200,3.349     ,3.77      ,0.539     ,0.0511    ,     10000
     2201,3.317     ,0.00      ,0.307     ,0.0674    ,     10000
     2202,3.365     ,2.98      ,0.397     ,0.0619    ,     10000
     2203,3.286     ,2.78      ,0.166     ,0.0554    ,     10000
     2204,2.873     ,0.40      ,0.410     ,0.0478    ,     10000
     2205,3.254     ,-0.20     ,0.166     ,0.0467    ,     10000
     2206,3.317     ,1.59      ,0.307     ,0.0467    ,     10000
     2207,3.206     ,1.98      ,0.166     ,0.0424    ,     10000
     2208,3.222     ,-0.79     ,0.410     ,0.0619    ,     10000
     2209,3.302     ,0.40      ,0.243     ,0.0587    ,     10000
     2210,3.079     ,0.79      ,0.204     ,0.0663    ,     10000
     2211,3.206     ,0.79      ,0.114     ,0.0641    ,     10000
     2212,2.698     ,-2.38     ,0.230     ,0.0511    ,     10000
     2213,3.032     ,-0.60     ,0.333     ,0.0511    ,     10000
     2214,3.095     ,1.39      ,0.230     ,0.0521    ,     10000
     2215,3.032     ,0.60      ,0.320     ,0.0445    ,     10000
     2216,3.000     ,0.40      ,0.346     ,0.0706    ,     10000
     2217,3.206     ,-0.99     ,0.114     ,0.0750    ,     10000
     2218,3.206     ,0.99      ,0.359     ,0.0630    ,     10000
     2219,2.889     ,2.58      ,0.179     ,0.0565    ,     10000
     2220,2.937     ,1.98      ,0.281     ,0.0434    ,     10000
     2221,3.016     ,-1.98     ,0.230     ,0.0598    ,     10000
     2222,2.841     ,-0.40     ,0.359     ,0.0250    ,     10000
     2223,2.952     ,-0.99     ,0.063     ,0.0478    ,     10000
     2224,2.841     ,-0.99     ,0.359     ,0.0587    ,     10000
     2225,3.032     ,-1.39     ,0.217     ,0.0619    ,     10000
     2226,2.873     ,-1.39     ,0.294     ,0.0521    ,     10000
     2227,3.063     ,5.56      ,0.410     ,0.0685    ,     10000
     2228,3.095     ,0.99      ,0.449     ,0.0761    ,     10000
     2229,2.778     ,-3.17     ,0.307     ,0.0554    ,     10000
     2230,2.714     ,0.00      ,0.436     ,0.0380    ,     10000
     2231,2.873     ,1.59      ,0.307     ,0.0554    ,     10000
     2232,3.063     ,-0.40     ,0.474     ,0.0315    ,     10000
     2233,3.175     ,-0.40     ,0.333     ,0.0500    ,     10000
     2234,3.095     ,-0.60     ,0.166     ,0.0445    ,     10000
     2235,2.952     ,3.17      ,0.359     ,0.0695    ,     10000
     2236,3.143     ,2.38      ,0.281     ,0.0532    ,     10000
     2237,2.968     ,-1.59     ,0.384     ,0.0489    ,     10000
     2238,3.079     ,-0.60     ,0.371     ,0.0467    ,     10000
     2239,3.048     ,0.40      ,0.359     ,0.0608    ,     10000
     2240,2.984     ,1.19      ,0.307     ,0.0511    ,     10000
     2241,3.206     ,-0.79     ,0.089     ,0.0750    ,     10000
     2242,3.111     ,-2.98     ,0.256     ,0.0478    ,     10000
     2243,3.063     ,4.37      ,0.256     ,0.0804    ,     10000
     2244,3.238     ,0.79      ,0.294     ,0.0587    ,     10000
     2245,3.095     ,-2.38     ,0.243     ,0.0391    ,     10000
     2246,3.000     ,-3.17     ,0.204     ,0.0380    ,     10000
     2247,2.984     ,-0.79     ,0.089     ,0.0478    ,     10000
     2248,3.175     ,0.20      ,0.436     ,0.0445    ,     10000
     2249,2.794     ,0.00      ,0.230     ,0.0685    ,     10000
     2250,3.286     ,0.99      ,0.127     ,0.0402    ,     10000
     2251,3.222     ,1.19      ,0.410     ,0.0511    ,     10000
     2252,3.032     ,0.60      ,0.371     ,0.0587    ,     10000
     2253,3.095     ,1.39      ,0.294     ,0.0576    ,     10000
     2254,3.079     ,-2.78     ,0.410     ,0.0282    ,     10000
     2255,3.016     ,-1.59     ,0.423     ,0.0260    ,     10000
     2256,3.254     ,-1.19     ,0.307     ,0.0456    ,     10000
     2257,3.270     ,-0.60     ,0.320     ,0.0217    ,     10000
     2258,3.286     ,0.99      ,0.230     ,0.0565    ,     10000
     2259,3.143     ,1.39      ,0.371     ,0.0598    ,     10000
     2260,3.619     ,3.17      ,0.461     ,0.0619    ,     10000
     2261,3.349     ,1.79      ,0.294     ,0.0467    ,     10000
     2262,3.270     ,-2.98     ,0.294     ,0.0337    ,     10000
     2263,3.365     ,-0.20     ,0.217     ,0.0304    ,     10000
     2264,3.175     ,-0.20     ,0.294     ,0.0402    ,     10000
     2265,3.381     ,1.19      ,0.191     ,0.0402    ,     10000
     2266,3.111     ,-1.19     ,0.269     ,0.0402    ,     10000
     2267,3.508     ,-0.99     ,0.397     ,0.0619    ,     10000
     2268,3.333     ,0.40      ,0.204     ,0.0521    ,     10000
     2269,3.349     ,2.58      ,0.346     ,0.0598    ,     10000
     2270,3.095     ,0.40      ,0.294     ,0.0380    ,     10000
     2271,3.095     ,-1.19     ,0.333     ,0.0445    ,     10000
     2272,3.143     ,1.19      ,0.397     ,0.0456    ,     10000
     2273,3.159     ,-2.38     ,0.243     ,0.0271    ,     10000
     2274,3.333     ,-2.78     ,0.423     ,0.0576    ,     10000
     2275,3.286     ,3.97      ,0.217     ,0.0598    ,     10000
     2276,3.619     ,0.20      ,0.359     ,0.0717    ,     10000
     2277,3.476     ,0.99      ,0.179     ,0.0402    ,     10000
     2278,3.381     ,0.79      ,0.243     ,0.0489    ,     10000
     2279,3.127     ,0.99      ,0.436     ,0.0358    ,     10000
     2280,3.333     ,-0.79     ,0.230     ,0.0532    ,     10000
     2281,3.381     ,-0.20     ,0.114     ,0.0467    ,     10000
     2282,3.413     ,2.58      ,0.204     ,0.0500    ,     10000
     2283,3.556     ,2.38      ,0.153     ,0.0456    ,     10000
     2284,3.556     ,3.77      ,0.140     ,0.0532    ,     10000
     2285,3.476     ,3.17      ,0.243     ,0.0467    ,     10000
     2286,3.540     ,-1.59     ,0.140     ,0.0391    ,     10000
     2287,3.444     ,-0.20     ,0.371     ,0.0489    ,     10000
     2288,3.556     ,-1.19     ,0.281     ,0.0478    ,     10000
     2289,3.302     ,1.19      ,0.281     ,0.0391    ,     10000
     2290,3.540     ,-2.18     ,0.371     ,0.0337    ,     10000
     2291,3.444     ,-0.20     ,0.384     ,0.0445    ,     10000
     2292,3.794     ,0.99      ,0.320     ,0.0500    ,     10000
     2293,3.683     ,-0.99     ,0.294     ,0.0598    ,     10000
     2294,3.365     ,1.19      ,0.371     ,0.0543    ,     10000
     2295,3.206     ,-2.98     ,0.513     ,0.0489    ,     10000
     2296,3.270     ,-2.38     ,0.230     ,0.0478    ,     10000
     2297,3.556     ,-2.18     ,0.063     ,0.0511    ,     10000
     2298,3.524     ,-0.40     ,0.371     ,0.0413    ,     10000
     2299,3.683     ,3.37      ,0.500     ,0.0500    ,     10000
     2300,3.714     ,-0.40     ,0.307     ,0.0652    ,     10000
     2301,3.873     ,2.38      ,0.371     ,0.0598    ,     10000
     2302,3.810     ,2.18      ,0.140     ,0.0521    ,     10000
     2303,3.333     ,0.20      ,0.397     ,0.0456    ,     10000
     2304,3.794     ,-0.60     ,0.153     ,0.0445    ,     10000
     2305,3.889     ,1.19      ,0.281     ,0.0424    ,     10000
     2306,3.889     ,1.39      ,0.127     ,0.0402    ,     10000
     2307,3.794     ,-1.19     ,0.397     ,0.0576    ,     10000
     2308,3.952     ,0.00      ,0.217     ,0.0532    ,     10000
     2309,3.730     ,0.40      ,0.166     ,0.0630    ,     10000
     2310,3.937     ,0.60      ,0.101     ,0.0598    ,     10000
     2311,3.349     ,-2.58     ,0.217     ,0.0467    ,     10000
     2312,3.746     ,-0.99     ,0.320     ,0.0478    ,     10000
     2313,3.810     ,0.99      ,0.217     ,0.0478    ,     10000
     2314,3.841     ,0.00      ,0.294     ,0.0424    ,     10000
     2315,3.746     ,-0.20     ,0.333     ,0.0663    ,     10000
     2316,4.000     ,-1.59     ,0.076     ,0.0695    ,     10000
     2317,4.032     ,0.60      ,0.359     ,0.0576    ,     10000
     2318,3.794     ,1.79      ,0.166     ,0.0500    ,     10000
     2319,3.841     ,1.39      ,0.256     ,0.0369    ,     10000
     2320,3.952     ,-2.58     ,0.204     ,0.0532    ,     10000
     2321,3.810     ,-1.19     ,0.320     ,0.0184    ,     10000
     2322,3.905     ,-0.99     ,0.050     ,0.0402    ,     10000
     2323,3.889     ,-1.59     ,0.346     ,0.0521    ,     10000
     2324,4.032     ,-1.98     ,0.217     ,0.0532    ,     10000
     2325,4.032     ,-1.39     ,0.269     ,0.0445    ,     10000
     2326,4.032     ,4.96      ,0.397     ,0.0608    ,     10000
     2327,4.032     ,0.40      ,0.436     ,0.0685    ,     10000
     2328,3.778     ,-3.17     ,0.281     ,0.0478    ,     10000
     2329,3.810     ,-0.60     ,0.423     ,0.0293    ,     10000
     2330,3.889     ,1.19      ,0.281     ,0.0478    ,     10000
     2331,4.032     ,-0.40     ,0.449     ,0.0260    ,     10000
     2332,4.032     ,-0.99     ,0.307     ,0.0434    ,     10000
     2333,4.032     ,-0.99     ,0.140     ,0.0369    ,     10000
     2334,4.032     ,2.58      ,0.333     ,0.0619    ,     10000
     2335,4.032     ,2.38      ,0.269     ,0.0467    ,     10000
     2336,4.032     ,-1.98     ,0.384     ,0.0424    ,     10000
     2337,4.032     ,-0.79     ,0.346     ,0.0369    ,     10000
     2338,4.032     ,0.00      ,0.346     ,0.0543    ,     10000
     2339,4.032     ,0.99      ,0.281     ,0.0434    ,     10000
     2340,4.032     ,-1.39     ,0.076     ,0.0663    ,     10000
     2341,4.032     ,-3.17     ,0.230     ,0.0358    ,     10000
     2342,4.032     ,3.77      ,0.230     ,0.0739    ,     10000
     2343,4.032     ,0.60      ,0.294     ,0.0511    ,     10000
     2344,4.032     ,-2.38     ,0.243     ,0.0304    ,     10000
     2345,4.032     ,-3.57     ,0.204     ,0.0304    ,     10000
     2346,4.032     ,-0.60     ,0.063     ,0.0402    ,     10000
     2347,4.032     ,0.20      ,0.423     ,0.0347    ,     10000
     2348,3.937     ,0.00      ,0.243     ,0.0587    ,     10000
     2349,4.032     ,0.79      ,0.114     ,0.0326    ,     10000
     2350,4.032     ,1.19      ,0.410     ,0.0445    ,     10000
     2351,4.032     ,0.40      ,0.359     ,0.0489    ,     10000
     2352,4.032     ,0.79      ,0.281     ,0.0500    ,     10000
     2353,4.032     ,-2.78     ,0.436     ,0.0206    ,     10000
     2354,4.032     ,-1.59     ,0.474     ,0.0217    ,     10000
     2355,4.032     ,-1.39     ,0.320     ,0.0391    ,     10000
     2356,4.032     ,-0.60     ,0.346     ,0.0141    ,     10000
     2357,4.032     ,0.99      ,0.269     ,0.0489    ,     10000
     2358,4.032     ,1.79      ,0.384     ,0.0532    ,     10000
     2359,4.032     ,3.37      ,0.487     ,0.0554    ,     10000
     2360,4.032     ,1.79      ,0.307     ,0.0413    ,     10000
     2361,4.032     ,-3.17     ,0.320     ,0.0293    ,     10000
     2362,4.032     ,0.00      ,0.217     ,0.0228    ,     10000
     2363,4.032     ,0.00      ,0.294     ,0.0326    ,     10000
     2364,4.032     ,0.99      ,0.204     ,0.0337    ,     10000
     2365,4.032     ,-0.99     ,0.269     ,0.0347    ,     10000
     2366,4.032     ,-1.19     ,0.423     ,0.0565    ,     10000
     2367,4.032     ,0.60      ,0.243     ,0.0456    ,     10000
     2368,4.032     ,2.78      ,0.333     ,0.0532    ,     10000
     2369,4.032     ,0.40      ,0.320     ,0.0326    ,     10000
     2370,4.032     ,-0.99     ,0.333     ,0.0380    ,     10000
     2371,4.032     ,1.19      ,0.384     ,0.0369    ,     10000
     2372,4.032     ,-2.38     ,0.256     ,0.0206    ,     10000
     2373,4.032     ,-2.98     ,0.436     ,0.0511    ,     10000
     2374,4.032     ,3.97      ,0.230     ,0.0532    ,     10000
     2375,4.032     ,0.20      ,0.371     ,0.0663    ,     10000
     2376,4.032     ,1.39      ,0.191     ,0.0326    ,     10000
     2377,4.032     ,0.79      ,0.269     ,0.0424    ,     10000
     2378,4.032     ,0.79      ,0.449     ,0.0282    ,     10000
     2379,4.032     ,-0.60     ,0.281     ,0.0434    ,     10000
     2380,4.032     ,0.00      ,0.140     ,0.0391    ,     10000
     2381,4.032     ,2.78      ,0.217     ,0.0434    ,     10000
     2382,4.032     ,2.38      ,0.166     ,0.0380    ,     10000
     2383,4.032     ,3.97      ,0.140     ,0.0434    ,     10000
     2384,4.032     ,3.37      ,0.281     ,0.0391    ,     10000
     2385,4.032     ,-1.59     ,0.153     ,0.0326    ,     10000
     2386,4.032     ,-0.20     ,0.384     ,0.0413    ,     10000
     2387,4.032     ,-0.79     ,0.294     ,0.0413    ,     10000
     2388,4.032     ,1.19      ,0.307     ,0.0326    ,     10000
     2389,4.032     ,-1.98     ,0.371     ,0.0250    ,     10000
     2390,4.032     ,0.00      ,0.384     ,0.0380    ,     10000
     2391,4.032     ,0.99      ,0.371     ,0.0434    ,     10000
     2392,4.032     ,-0.99     ,0.294     ,0.0511    ,     10000
     2393,4.032     ,1.39      ,0.371     ,0.0445    ,     10000
     2394,4.032     ,-2.98     ,0.513     ,0.0413    ,     10000
     2395,4.032     ,-2.38     ,0.230     ,0.0413    ,     10000
     2396,4.032     ,-2.18     ,0.089     ,0.0424    ,     10000
     2397,4.032     ,-0.40     ,0.359     ,0.0347    ,     10000
     2398,4.032     ,3.57      ,0.513     ,0.0413    ,     10000
     2399,4.032     ,-0.40     ,0.294     ,0.0576    ,     10000
     2400,4.032     ,2.78      ,0.397     ,0.0532    ,     10000
     2401,4.032     ,2.38      ,0.166     ,0.0456    ,     10000
     2402,4.032     ,0.00      ,0.384     ,0.0402    ,     10000
     2403,4.032     ,-0.40     ,0.153     ,0.0369    ,     10000
     2404,4.032     ,0.99      ,0.294     ,0.0347    ,     10000
     2405,4.032     ,1.59      ,0.140     ,0.0337    ,     10000
     2406,4.032     ,-0.79     ,0.397     ,0.0532    ,     10000
     2407,4.032     ,0.20      ,0.243     ,0.0489    ,     10000
     2408,4.032     ,0.60      ,0.179     ,0.0554    ,     10000
     2409,4.032     ,0.60      ,0.089     ,0.0532    ,     10000
     2410,4.032     ,-2.38     ,0.230     ,0.0413    ,     10000
     2411,4.032     ,-0.99     ,0.333     ,0.0413    ,     10000
     2412,4.032     ,0.99      ,0.243     ,0.0402    ,     10000
     2413,4.032     ,0.20      ,0.294     ,0.0337    ,     10000
     2414,4.032     ,0.00      ,0.346     ,0.0608    ,     10000
     2415,4.032     ,-1.19     ,0.101     ,0.0630    ,     10000
     2416,4.032     ,0.79      ,0.371     ,0.0532    ,     10000
     2417,4.032     ,2.18      ,0.191     ,0.0445    ,     10000
     2418,4.032     ,1.59      ,0.256     ,0.0315    ,     10000
     2419,4.032     ,-2.38     ,0.230     ,0.0467    ,     10000
     2420,4.032     ,-0.79     ,0.346     ,0.0130    ,     10000
     2421,4.032     ,-1.19     ,0.063     ,0.0347    ,     10000
     2422,4.032     ,-1.39     ,0.320     ,0.0489    ,     10000
     2423,4.032     ,-1.59     ,0.230     ,0.0489    ,     10000
     2424,4.032     ,-1.39     ,0.294     ,0.0402    ,     10000
     2425,4.032     ,5.16      ,0.410     ,0.0554    ,     10000
     2426,4.032     ,0.79      ,0.436     ,0.0641    ,     10000
     2427,4.032     ,-2.98     ,0.307     ,0.0424    ,     10000
     2428,4.032     ,-0.60     ,0.436     ,0.0250    ,     10000
     2429,4.032     ,1.39      ,0.281     ,0.0445    ,     10000
     2430,4.032     ,-0.40     ,0.461     ,0.0206    ,     10000
     2431,4.032     ,-0.60     ,0.346     ,0.0391    ,     10000
     2432,4.032     ,-0.60     ,0.153     ,0.0337    ,     10000
     2433,4.032     ,2.78      ,0.346     ,0.0576    ,     10000
     2434,4.032     ,2.58      ,0.281     ,0.0424    ,     10000
     2435,4.032     ,-1.79     ,0.410     ,0.0391    ,     10000
     2436,4.032     ,-0.60     ,0.346     ,0.0347    ,     10000
     2437,4.032     ,0.20      ,0.359     ,0.0489    ,     10000
     2438,4.032     ,0.99      ,0.294     ,0.0380    ,     10000
     2439,4.032     ,-1.39     ,0.089     ,0.0652    ,     10000
     2440,4.032     ,-2.98     ,0.256     ,0.0326    ,     10000
     2441,4.032     ,3.97      ,0.217     ,0.0685    ,     10000
     2442,4.032     ,0.60      ,0.307     ,0.0467    ,     10000
     2443,4.032     ,-2.38     ,0.256     ,0.0260    ,     10000
     2444,4.032     ,-3.37     ,0.204     ,0.0271    ,     10000
     2445,4.032     ,-0.40     ,0.050     ,0.0369    ,     10000
     2446,4.032     ,0.40      ,0.436     ,0.0326    ,     10000
     2447,4.032     ,0.20      ,0.230     ,0.0576    ,     10000
     2448,4.032     ,0.99      ,0.114     ,0.0282    ,     10000
     2449,4.032     ,1.39      ,0.410     ,0.0413    ,     10000
     2450,4.032     ,0.60      ,0.359     ,0.0445    ,     10000
     2451,4.032     ,0.99      ,0.294     ,0.0467    ,     10000
     2452,4.032     ,-2.38     ,0.436     ,0.0163    ,     10000
     2453,4.032     ,-1.39     ,0.449     ,0.0152    ,     10000
     2454,4.032     ,-0.99     ,0.307     ,0.0369    ,     10000
     2455,4.032     ,-0.40     ,0.320     ,0.0119    ,     10000
     2456,4.032     ,1.39      ,0.256     ,0.0456    ,     10000
     2457,4.032     ,1.59      ,0.397     ,0.0500    ,     10000
     2458,4.032     ,3.37      ,0.461     ,0.0532    ,     10000
     2459,4.032     ,1.98      ,0.294     ,0.0391    ,     10000
     2460,4.032     ,-2.78     ,0.294     ,0.0271    ,     10000
     2461,4.032     ,0.00      ,0.217     ,0.0195    ,     10000
     2462,4.032     ,0.20      ,0.281     ,0.0304    ,     10000
     2463,4.032     ,1.39      ,0.179     ,0.0315    ,     10000
     2464,4.032     ,-0.99     ,0.269     ,0.0326    ,     10000
     2465,4.032     ,-0.79     ,0.397     ,0.0532    ,     10000
     2466,4.032     ,0.60      ,0.217     ,0.0445    ,     10000
     2467,4.032     ,2.78      ,0.371     ,0.0511    ,     10000
     2468,4.032     ,0.79      ,0.294     ,0.0293    ,     10000
     2469,4.032     ,-0.79     ,0.320     ,0.0358    ,     10000
     2470,4.032     ,1.59      ,0.397     ,0.0391    ,     10000
     2471,4.032     ,-2.18     ,0.256     ,0.0195    ,     10000
     2472,4.032     ,-2.58     ,0.423     ,0.0500    ,     10000
     2473,4.032     ,4.37      ,0.230     ,0.0521    ,     10000
     2474,4.032     ,0.20      ,0.359     ,0.0641    ,     10000
     2475,4.032     ,1.39      ,0.191     ,0.0326    ,     10000
     2476,4.032     ,0.99      ,0.256     ,0.0445    ,     10000
     2477,4.032     ,0.99      ,0.436     ,0.0271    ,     10000
     2478,4.032     ,-0.60     ,0.256     ,0.0456    ,     10000
     2479,4.032     ,0.00      ,0.127     ,0.0391    ,     10000
     2480,4.032     ,2.98      ,0.191     ,0.0434    ,     10000
     2481,4.032     ,2.78      ,0.153     ,0.0380    ,     10000
     2482,4.032     ,4.37      ,0.153     ,0.0434    ,     10000
     2483,4.032     ,3.17      ,0.256     ,0.0413    ,     10000
     2484,4.032     ,-1.39     ,0.114     ,0.0337    ,     10000
     2485,4.032     ,0.00      ,0.359     ,0.0445    ,     10000
     2486,4.032     ,-0.79     ,0.281     ,0.0424    ,     10000
     2487,4.032     ,1.19      ,0.281     ,0.0337    ,     10000
     2488,4.032     ,-1.79     ,0.359     ,0.0271    ,     10000
     2489,4.032     ,0.40      ,0.384     ,0.0369    ,     10000
     2490,4.032     ,1.59      ,0.333     ,0.0445    ,     10000
     2491,4.032     ,-0.79     ,0.294     ,0.0521    ,     10000
     2492,4.032     ,1.59      ,0.371     ,0.0467    ,     10000
     2493,3.984     ,-2.78     ,0.526     ,0.0413    ,     10000
     2494,4.000     ,-2.18     ,0.230     ,0.0413    ,     10000
     2495,4.032     ,-1.79     ,0.063     ,0.0456    ,     10000
     2496,4.032     ,0.20      ,0.371     ,0.0369    ,     10000
     2497,4.032     ,3.57      ,0.500     ,0.0434    ,     10000
     2498,4.032     ,-0.20     ,0.307     ,0.0587    ,     10000
     2499,4.032     ,2.78      ,0.371     ,0.0543    ,     10000
     2500,4.032     ,2.58      ,0.153     ,0.0467    ,     10000
     2501,3.857     ,0.40      ,0.384     ,0.0424    ,     10000
     2502,4.032     ,-0.20     ,0.153     ,0.0402    ,     10000
     2503,4.032     ,1.39      ,0.281     ,0.0391    ,     10000
     2504,4.032     ,1.79      ,0.127     ,0.0369    ,     10000
     2505,4.032     ,-0.79     ,0.410     ,0.0543    ,     10000
     2506,4.032     ,0.20      ,0.230     ,0.0511    ,     10000
     2507,4.032     ,0.60      ,0.166     ,0.0598    ,     10000
     2508,4.032     ,0.99      ,0.089     ,0.0565    ,     10000
     2509,3.698     ,-2.38     ,0.217     ,0.0434    ,     10000
     2510,3.984     ,-0.79     ,0.307     ,0.0456    ,     10000
     2511,4.032     ,0.99      ,0.204     ,0.0445    ,     10000
     2512,4.000     ,0.20      ,0.294     ,0.0391    ,     10000
     2513,4.032     ,0.20      ,0.346     ,0.0652    ,     10000
     2514,4.032     ,-1.39     ,0.089     ,0.0685    ,     10000
     2515,4.032     ,0.79      ,0.346     ,0.0543    ,     10000
     2516,3.889     ,2.38      ,0.153     ,0.0489    ,     10000
     2517,3.952     ,1.79      ,0.269     ,0.0358    ,     10000
     2518,4.000     ,-2.38     ,0.204     ,0.0511    ,     10000
     2519,3.937     ,-0.60     ,0.320     ,0.0163    ,     10000
     2520,3.952     ,-0.79     ,0.037     ,0.0402    ,     10000
     2521,3.952     ,-1.19     ,0.320     ,0.0521    ,     10000
     2522,4.032     ,-1.59     ,0.191     ,0.0543    ,     10000
     2523,3.921     ,-1.39     ,0.281     ,0.0434    ,     10000
     2524,4.032     ,5.36      ,0.384     ,0.0619    ,     10000
     2525,4.032     ,0.79      ,0.436     ,0.0685    ,     10000
     2526,3.746     ,-2.98     ,0.281     ,0.0478    ,     10000
     2527,3.683     ,0.00      ,0.436     ,0.0293    ,     10000
     2528,3.810     ,1.39      ,0.294     ,0.0500    ,     10000
     2529,3.984     ,-0.20     ,0.436     ,0.0260    ,     10000
     2530,4.032     ,-0.60     ,0.320     ,0.0445    ,     10000
     2531,3.952     ,-0.60     ,0.127     ,0.0391    ,     10000
     2532,3.873     ,2.78      ,0.333     ,0.0630    ,     10000
     2533,4.032     ,2.38      ,0.269     ,0.0456    ,     10000
     2534,3.825     ,-1.79     ,0.359     ,0.0424    ,     10000
     2535,3.873     ,-0.60     ,0.346     ,0.0402    ,     10000
     2536,3.841     ,0.40      ,0.346     ,0.0543    ,     10000
     2537,3.746     ,1.19      ,0.281     ,0.0456    ,     10000
     2538,3.937     ,-0.99     ,0.076     ,0.0717    ,     10000
     2539,3.794     ,-2.98     ,0.230     ,0.0391    ,     10000
     2540,3.730     ,4.17      ,0.204     ,0.0750    ,     10000
     2541,3.889     ,0.99      ,0.307     ,0.0521    ,     10000
     2542,3.714     ,-2.38     ,0.230     ,0.0326    ,     10000
     2543,3.635     ,-3.57     ,0.191     ,0.0315    ,     10000
     2544,3.635     ,-0.79     ,0.063     ,0.0413    ,     10000
     2545,3.857     ,0.20      ,0.436     ,0.0391    ,     10000
     2546,3.476     ,0.00      ,0.204     ,0.0608    ,     10000
     2547,3.968     ,0.99      ,0.101     ,0.0347    ,     10000
     2548,3.905     ,1.59      ,0.397     ,0.0467    ,     10000
     2549,3.683     ,0.79      ,0.359     ,0.0532    ,     10000
     2550,3.698     ,0.99      ,0.269     ,0.0521    ,     10000
     2551,3.667     ,-2.18     ,0.436     ,0.0250    ,     10000
     2552,3.540     ,-1.19     ,0.449     ,0.0228    ,     10000
     2553,3.762     ,-0.99     ,0.294     ,0.0434    ,     10000
     2554,3.762     ,-0.60     ,0.346     ,0.0195    ,     10000
     2555,3.698     ,1.39      ,0.281     ,0.0532    ,     10000
     2556,3.524     ,1.59      ,0.384     ,0.0576    ,     10000
     2557,4.000     ,3.37      ,0.500     ,0.0619    ,     10000
     2558,3.730     ,1.98      ,0.307     ,0.0467    ,     10000
     2559,3.651     ,-3.17     ,0.307     ,0.0347    ,     10000
     2560,3.730     ,0.20      ,0.217     ,0.0282    ,     10000
     2561,3.571     ,0.20      ,0.294     ,0.0380    ,     10000
     2562,3.778     ,1.59      ,0.217     ,0.0402    ,     10000
     2563,3.460     ,-0.79     ,0.281     ,0.0413    ,     10000
     2564,3.905     ,-0.99     ,0.423     ,0.0608    ,     10000
     2565,3.746     ,0.79      ,0.230     ,0.0521    ,     10000
     2566,3.683     ,2.98      ,0.359     ,0.0587    ,     10000
     2567,3.349     ,0.79      ,0.307     ,0.0369    ,     10000
     2568,3.429     ,-0.79     ,0.333     ,0.0424    ,     10000
     2569,3.413     ,1.19      ,0.410     ,0.0434    ,     10000
     2570,3.397     ,-1.98     ,0.256     ,0.0271    ,     10000
     2571,3.603     ,-2.58     ,0.436     ,0.0587    ,     10000
     2572,3.540     ,4.17      ,0.217     ,0.0587    ,     10000
     2573,3.746     ,0.60      ,0.371     ,0.0695    ,     10000
     2574,3.698     ,1.39      ,0.204     ,0.0413    ,     10000
     2575,3.508     ,0.99      ,0.269     ,0.0489    ,     10000
     2576,3.317     ,0.79      ,0.436     ,0.0358    ,     10000
     2577,3.492     ,-0.40     ,0.269     ,0.0511    ,     10000
     2578,3.635     ,0.20      ,0.140     ,0.0467    ,     10000
     2579,3.556     ,2.98      ,0.204     ,0.0500    ,     10000
     2580,3.730     ,2.78      ,0.179     ,0.0467    ,     10000
     2581,3.667     ,4.17      ,0.140     ,0.0511    ,     10000
     2582,3.619     ,3.57      ,0.281     ,0.0467    ,     10000
     2583,3.587     ,-1.59     ,0.153     ,0.0380    ,     10000
     2584,3.556     ,0.20      ,0.384     ,0.0489    ,     10000
     2585,3.635     ,-0.99     ,0.294     ,0.0489    ,     10000
     2586,3.349     ,1.19      ,0.281     ,0.0402    ,     10000
     2587,3.524     ,-1.59     ,0.371     ,0.0326    ,     10000
     2588,3.444     ,0.60      ,0.410     ,0.0445    ,     10000
     2589,3.778     ,1.39      ,0.359     ,0.0500    ,     10000
     2590,3.698     ,-0.60     ,0.307     ,0.0598    ,     10000
     2591,3.381     ,1.39      ,0.384     ,0.0532    ,     10000
     2592,3.175     ,-2.58     ,0.526     ,0.0489    ,     10000
     2593,3.143     ,-2.18     ,0.243     ,0.0456    ,     10000
     2594,3.460     ,-1.59     ,0.076     ,0.0521    ,     10000
     2595,3.349     ,0.20      ,0.359     ,0.0434    ,     10000
     2596,3.492     ,3.77      ,0.513     ,0.0478    ,     10000
     2597,3.460     ,-0.20     ,0.307     ,0.0641    ,     10000
     2598,3.587     ,2.78      ,0.397     ,0.0619    ,     10000
     2599,3.508     ,2.78      ,0.166     ,0.0543    ,     10000
     2600,3.095     ,0.40      ,0.397     ,0.0489    ,     10000
     2601,3.492     ,-0.60     ,0.166     ,0.0445    ,     10000
     2602,3.540     ,1.39      ,0.307     ,0.0456    ,     10000
     2603,3.444     ,1.98      ,0.140     ,0.0413    ,     10000
     2604,3.460     ,-0.60     ,0.410     ,0.0608    ,     10000
     2605,3.556     ,0.40      ,0.243     ,0.0565    ,     10000
     2606,3.317     ,0.60      ,0.179     ,0.0663    ,     10000
     2607,3.524     ,0.60      ,0.101     ,0.0630    ,     10000
     2608,2.984     ,-2.18     ,0.217     ,0.0500    ,     10000
     2609,3.381     ,-0.79     ,0.333     ,0.0500    ,     10000
     2610,3.381     ,0.99      ,0.230     ,0.0489    ,     10000
     2611,3.381     ,0.20      ,0.320     ,0.0445    ,     10000
     2612,3.302     ,0.20      ,0.346     ,0.0685    ,     10000
     2613,3.587     ,-1.39     ,0.101     ,0.0728    ,     10000
     2614,3.587     ,0.79      ,0.346     ,0.0608    ,     10000
     2615,3.254     ,2.18      ,0.166     ,0.0543    ,     10000
     2616,3.254     ,1.79      ,0.269     ,0.0402    ,     10000
     2617,3.365     ,-2.18     ,0.217     ,0.0554    ,     10000
     2618,3.175     ,-0.79     ,0.346     ,0.0228    ,     10000
     2619,3.349     ,-1.19     ,0.050     ,0.0445    ,     10000
     2620,3.270     ,-1.19     ,0.346     ,0.0576    ,     10000
     2621,3.444     ,-1.59     ,0.217     ,0.0587    ,     10000
     2622,3.349     ,-1.39     ,0.294     ,0.0500    ,     10000
     2623,3.524     ,5.16      ,0.397     ,0.0652    ,     10000
     2624,3.540     ,0.60      ,0.449     ,0.0728    ,     10000
     2625,3.222     ,-2.78     ,0.294     ,0.0511    ,     10000
     2626,3.175     ,-0.40     ,0.461     ,0.0347    ,     10000
     2627,3.317     ,1.79      ,0.307     ,0.0532    ,     10000
     2628,3.492     ,-0.60     ,0.449     ,0.0282    ,     10000
     2629,3.587     ,-0.60     ,0.333     ,0.0478    ,     10000
     2630,3.492     ,-0.60     ,0.179     ,0.0434    ,     10000
     2631,3.413     ,2.78      ,0.359     ,0.0674    ,     10000
     2632,3.619     ,2.18      ,0.281     ,0.0511    ,     10000
     2633,3.429     ,-1.59     ,0.384     ,0.0456    ,     10000
     2634,3.460     ,-0.60     ,0.359     ,0.0445    ,     10000
     2635,3.444     ,0.60      ,0.333     ,0.0565    ,     10000
     2636,3.381     ,0.79      ,0.294     ,0.0478    ,     10000
     2637,3.571     ,-1.19     ,0.101     ,0.0728    ,     10000
     2638,3.476     ,-2.78     ,0.256     ,0.0424    ,     10000
     2639,3.397     ,4.17      ,0.230     ,0.0782    ,     10000
     2640,3.603     ,0.79      ,0.320     ,0.0565    ,     10000
     2641,3.429     ,-2.38     ,0.243     ,0.0347    ,     10000
     2642,3.413     ,-3.37     ,0.204     ,0.0358    ,     10000
     2643,3.413     ,-0.60     ,0.063     ,0.0445    ,     10000
     2644,3.619     ,0.20      ,0.436     ,0.0424    ,     10000
     2645,3.222     ,0.20      ,0.243     ,0.0652    ,     10000
     2646,3.714     ,1.19      ,0.127     ,0.0369    ,     10000
     2647,3.698     ,1.39      ,0.410     ,0.0489    ,     10000
     2648,3.460     ,0.79      ,0.359     ,0.0554    ,     10000
     2649,3.492     ,0.99      ,0.307     ,0.0565    ,     10000
     2650,3.492     ,-2.38     ,0.423     ,0.0250    ,     10000
     2651,3.365     ,-1.39     ,0.423     ,0.0250    ,     10000
     2652,3.603     ,-0.99     ,0.307     ,0.0456    ,     10000
     2653,3.651     ,-1.19     ,0.320     ,0.0195    ,     10000
     2654,3.556     ,1.39      ,0.243     ,0.0543    ,     10000
     2655,3.476     ,1.19      ,0.371     ,0.0587    ,     10000
     2656,3.921     ,3.37      ,0.461     ,0.0619    ,     10000
     2657,3.667     ,1.79      ,0.281     ,0.0456    ,     10000
     2658,3.619     ,-2.98     ,0.307     ,0.0337    ,     10000
     2659,3.698     ,-0.20     ,0.217     ,0.0271    ,     10000
     2660,3.524     ,-0.20     ,0.281     ,0.0391    ,     10000
     2661,3.746     ,1.39      ,0.179     ,0.0369    ,     10000
     2662,3.460     ,-1.19     ,0.269     ,0.0402    ,     10000
     2663,3.889     ,-1.39     ,0.397     ,0.0619    ,     10000
     2664,3.698     ,0.60      ,0.204     ,0.0511    ,     10000
     2665,3.746     ,2.78      ,0.333     ,0.0576    ,     10000
     2666,3.444     ,0.99      ,0.307     ,0.0358    ,     10000
     2667,3.476     ,-1.19     ,0.320     ,0.0434    ,     10000
     2668,3.508     ,1.39      ,0.397     ,0.0445    ,     10000
     2669,3.492     ,-2.38     ,0.243     ,0.0282    ,     10000
     2670,3.683     ,-2.98     ,0.423     ,0.0554    ,     10000
     2671,3.603     ,3.97      ,0.217     ,0.0576    ,     10000
     2672,3.937     ,0.40      ,0.371     ,0.0717    ,     10000
     2673,3.841     ,1.19      ,0.191     ,0.0391    ,     10000
     2674,3.714     ,0.79      ,0.269     ,0.0489    ,     10000
     2675,3.460     ,0.79      ,0.436     ,0.0337    ,     10000
     2676,3.698     ,-0.60     ,0.243     ,0.0511    ,     10000
     2677,3.746     ,0.00      ,0.127     ,0.0456    ,     10000
     2678,3.762     ,2.78      ,0.191     ,0.0500    ,     10000
     2679,3.873     ,2.58      ,0.166     ,0.0445    ,     10000
     2680,3.905     ,3.97      ,0.127     ,0.0489    ,     10000
     2681,3.810     ,3.37      ,0.269     ,0.0445    ,     10000
     2682,3.841     ,-1.59     ,0.127     ,0.0391    ,     10000
     2683,3.714     ,0.00      ,0.371     ,0.0489    ,     10000
     2684,3.857     ,-1.39     ,0.281     ,0.0467    ,     10000
     2685,3.603     ,0.99      ,0.294     ,0.0369    ,     10000
     2686,3.825     ,-1.98     ,0.359     ,0.0304    ,     10000
     2687,3.698     ,0.20      ,0.384     ,0.0424    ,     10000
     2688,4.032     ,1.39      ,0.333     ,0.0478    ,     10000
     2689,3.952     ,-0.99     ,0.294     ,0.0576    ,     10000
     2690,3.698     ,1.39      ,0.359     ,0.0521    ,     10000
     2691,3.524     ,-2.98     ,0.513     ,0.0467    ,     10000
     2692,3.540     ,-2.38     ,0.217     ,0.0456    ,     10000
     2693,3.841     ,-1.79     ,0.076     ,0.0511    ,     10000
     2694,3.778     ,-0.20     ,0.359     ,0.0391    ,     10000
     2695,3.921     ,3.37      ,0.513     ,0.0456    ,     10000
     2696,3.921     ,-0.40     ,0.307     ,0.0641    ,     10000
     2697,4.032     ,2.78      ,0.359     ,0.0576    ,     10000
     2698,3.984     ,2.18      ,0.140     ,0.0511    ,     10000
     2699,3.556     ,0.40      ,0.397     ,0.0445    ,     10000
     2700,3.984     ,-0.40     ,0.166     ,0.0424    ,     10000
     2701,4.032     ,1.19      ,0.294     ,0.0413    ,     10000
     2702,3.984     ,1.39      ,0.127     ,0.0391    ,     10000
     2703,4.000     ,-0.79     ,0.410     ,0.0565    ,     10000
     2704,4.032     ,0.00      ,0.230     ,0.0532    ,     10000
     2705,3.905     ,0.40      ,0.166     ,0.0619    ,     10000
     2706,4.032     ,0.79      ,0.089     ,0.0565    ,     10000
     2707,3.540     ,-2.58     ,0.204     ,0.0445    ,     10000
     2708,3.921     ,-0.99     ,0.307     ,0.0467    ,     10000
     2709,3.937     ,0.99      ,0.217     ,0.0456    ,     10000
     2710,3.905     ,0.00      ,0.294     ,0.0380    ,     10000
     2711,3.841     ,0.00      ,0.320     ,0.0630    ,     10000
     2712,4.032     ,-1.39     ,0.101     ,0.0695    ,     10000
     2713,4.032     ,0.79      ,0.346     ,0.0565    ,     10000
     2714,3.810     ,1.79      ,0.166     ,0.0489    ,     10000
     2715,3.841     ,1.59      ,0.256     ,0.0380    ,     10000
     2716,3.968     ,-2.38     ,0.217     ,0.0521    ,     10000
     2717,3.825     ,-0.99     ,0.320     ,0.0184    ,     10000
     2718,3.937     ,-0.99     ,0.050     ,0.0402    ,     10000
     2719,3.937     ,-1.39     ,0.333     ,0.0543    ,     10000
     2720,4.032     ,-1.98     ,0.204     ,0.0543    ,     10000
     2721,4.000     ,-1.59     ,0.269     ,0.0445    ,     10000
     2722,4.032     ,4.96      ,0.410     ,0.0608    ,     10000
     2723,4.032     ,0.60      ,0.436     ,0.0685    ,     10000
     2724,3.857     ,-2.98     ,0.307     ,0.0467    ,     10000
     2725,3.825     ,-0.40     ,0.423     ,0.0304    ,     10000
     2726,3.952     ,1.39      ,0.281     ,0.0489    ,     10000
     2727,4.032     ,-0.40     ,0.449     ,0.0250    ,     10000
     2728,4.032     ,-0.99     ,0.333     ,0.0434    ,     10000
     2729,4.032     ,-0.79     ,0.153     ,0.0380    ,     10000
     2730,4.032     ,2.58      ,0.333     ,0.0619    ,     10000
     2731,4.032     ,2.18      ,0.281     ,0.0456    ,     10000
     2732,4.032     ,-1.98     ,0.384     ,0.0413    ,     10000
     2733,4.032     ,-0.79     ,0.333     ,0.0380    ,     10000
     2734,4.032     ,0.20      ,0.346     ,0.0532    ,     10000
     2735,4.032     ,0.99      ,0.294     ,0.0424    ,     10000
     2736,4.032     ,-1.39     ,0.076     ,0.0685    ,     10000
     2737,4.032     ,-3.17     ,0.230     ,0.0358    ,     10000
     2738,4.032     ,3.97      ,0.230     ,0.0728    ,     10000
     2739,4.032     ,0.79      ,0.294     ,0.0500    ,     10000
     2740,4.032     ,-2.58     ,0.230     ,0.0293    ,     10000
     2741,4.032     ,-3.37     ,0.204     ,0.0304    ,     10000
     2742,4.032     ,-0.79     ,0.050     ,0.0402    ,     10000
     2743,4.032     ,0.40      ,0.436     ,0.0358    ,     10000
     2744,3.921     ,0.00      ,0.243     ,0.0598    ,     10000
     2745,4.032     ,1.19      ,0.114     ,0.0326    ,     10000
     2746,4.032     ,1.39      ,0.397     ,0.0445    ,     10000
     2747,4.032     ,0.40      ,0.359     ,0.0489    ,     10000
     2748,4.032     ,0.99      ,0.281     ,0.0500    ,     10000
     2749,4.032     ,-2.18     ,0.449     ,0.0217    ,     10000
     2750,4.032     ,-1.39     ,0.461     ,0.0206    ,     10000
     2751,4.032     ,-0.99     ,0.307     ,0.0402    ,     10000
     2752,4.032     ,-0.79     ,0.333     ,0.0173    ,     10000
     2753,4.032     ,0.99      ,0.269     ,0.0511    ,     10000
     2754,4.032     ,1.79      ,0.384     ,0.0543    ,     10000
     2755,4.032     ,3.17      ,0.500     ,0.0576    ,     10000
     2756,4.032     ,1.79      ,0.333     ,0.0434    ,     10000
     2757,4.032     ,-3.17     ,0.320     ,0.0282    ,     10000
     2758,4.032     ,0.00      ,0.230     ,0.0239    ,     10000
     2759,4.032     ,0.00      ,0.307     ,0.0326    ,     10000
     2760,4.032     ,1.19      ,0.230     ,0.0347    ,     10000
     2761,4.032     ,-0.99     ,0.294     ,0.0347    ,     10000
     2762,4.032     ,-0.99     ,0.423     ,0.0576    ,     10000
     2763,4.032     ,0.60      ,0.243     ,0.0456    ,     10000
     2764,4.032     ,2.78      ,0.371     ,0.0565    ,     10000
     2765,4.032     ,0.40      ,0.320     ,0.0326    ,     10000
     2766,4.032     ,-1.19     ,0.333     ,0.0402    ,     10000
     2767,4.032     ,1.19      ,0.410     ,0.0391    ,     10000
     2768,4.032     ,-2.18     ,0.243     ,0.0228    ,     10000
     2769,4.032     ,-2.78     ,0.461     ,0.0532    ,     10000
     2770,4.032     ,3.97      ,0.243     ,0.0554    ,     10000
     2771,4.032     ,0.20      ,0.371     ,0.0652    ,     10000
     2772,4.032     ,0.99      ,0.217     ,0.0337    ,     10000
     2773,4.032     ,0.99      ,0.281     ,0.0445    ,     10000
     2774,4.032     ,0.79      ,0.461     ,0.0304    ,     10000
     2775,4.032     ,-0.60     ,0.269     ,0.0456    ,     10000
     2776,4.032     ,0.00      ,0.166     ,0.0424    ,     10000
     2777,4.032     ,2.78      ,0.230     ,0.0445    ,     10000
     2778,4.032     ,2.58      ,0.179     ,0.0413    ,     10000
     2779,4.032     ,4.17      ,0.127     ,0.0445    ,     10000
     2780,4.032     ,3.37      ,0.256     ,0.0391    ,     10000
     2781,4.032     ,-1.59     ,0.153     ,0.0347    ,     10000
     2782,4.032     ,0.00      ,0.410     ,0.0434    ,     10000
     2783,4.032     ,-0.99     ,0.281     ,0.0413    ,     10000
     2784,4.032     ,1.19      ,0.294     ,0.0337    ,     10000
     2785,4.032     ,-1.79     ,0.359     ,0.0260    ,     10000
     2786,4.032     ,0.40      ,0.410     ,0.0391    ,     10000
     2787,4.032     ,1.39      ,0.359     ,0.0434    ,     10000
     2788,4.032     ,-0.60     ,0.320     ,0.0521    ,     10000
     2789,4.032     ,1.59      ,0.397     ,0.0467    ,     10000
     2790,4.032     ,-2.98     ,0.526     ,0.0424    ,     10000
     2791,4.032     ,-2.38     ,0.230     ,0.0402    ,     10000
     2792,4.032     ,-1.98     ,0.101     ,0.0467    ,     10000
     2793,4.032     ,-0.20     ,0.384     ,0.0358    ,     10000
     2794,4.032     ,3.77      ,0.513     ,0.0424    ,     10000
     2795,4.032     ,-0.20     ,0.320     ,0.0598    ,     10000
     2796,4.032     ,2.78      ,0.397     ,0.0543    ,     10000
     2797,4.032     ,2.58      ,0.166     ,0.0467    ,     10000
     2798,4.032     ,0.20      ,0.397     ,0.0424    ,     10000
     2799,4.032     ,-0.20     ,0.166     ,0.0391    ,     10000
     2800,4.032     ,0.79      ,0.307     ,0.0369    ,     10000
     2801,4.032     ,1.79      ,0.166     ,0.0337    ,     10000
     2802,4.032     ,-0.79     ,0.410     ,0.0543    ,     10000
     2803,4.032     ,0.00      ,0.230     ,0.0500    ,     10000
     2804,4.032     ,0.60      ,0.191     ,0.0565    ,     10000
     2805,4.032     ,0.79      ,0.127     ,0.0554    ,     10000
     2806,4.032     ,-2.18     ,0.230     ,0.0424    ,     10000
     2807,4.032     ,-0.99     ,0.333     ,0.0434    ,     10000
     2808,4.032     ,0.99      ,0.243     ,0.0424    ,     10000
     2809,4.032     ,0.40      ,0.281     ,0.0369    ,     10000
     2810,4.032     ,0.60      ,0.346     ,0.0619    ,     10000
     2811,4.032     ,-0.99     ,0.101     ,0.0652    ,     10000
     2812,4.032     ,0.79      ,0.346     ,0.0543    ,     10000
     2813,4.032     ,2.38      ,0.179     ,0.0467    ,     10000
     2814,4.032     ,1.98      ,0.269     ,0.0337    ,     10000
     2815,4.032     ,-2.18     ,0.230     ,0.0500    ,     10000
     2816,4.032     ,-0.79     ,0.346     ,0.0163    ,     10000
     2817,4.032     ,-0.99     ,0.076     ,0.0380    ,     10000
     2818,4.032     ,-1.39     ,0.346     ,0.0489    ,     10000
     2819,4.032     ,-1.39     ,0.217     ,0.0521    ,     10000
     2820,4.032     ,-1.59     ,0.281     ,0.0424    ,     10000
     2821,4.032     ,4.96      ,0.397     ,0.0576    ,     10000
     2822,4.032     ,0.79      ,0.461     ,0.0674    ,     10000
     2823,4.032     ,-2.98     ,0.320     ,0.0456    ,     10000
     2824,4.032     ,0.00      ,0.449     ,0.0260    ,     10000
     2825,4.032     ,1.39      ,0.307     ,0.0456    ,     10000
     2826,4.032     ,-0.20     ,0.461     ,0.0228    ,     10000
     2827,4.032     ,-0.40     ,0.333     ,0.0413    ,     10000
     2828,4.032     ,-0.60     ,0.166     ,0.0358    ,     10000
     2829,4.032     ,2.78      ,0.371     ,0.0587    ,     10000
     2830,4.032     ,2.38      ,0.281     ,0.0445    ,     10000
     2831,4.032     ,-1.79     ,0.384     ,0.0402    ,     10000
     2832,4.032     ,-0.40     ,0.346     ,0.0369    ,     10000
     2833,4.032     ,0.60      ,0.346     ,0.0511    ,     10000
     2834,4.032     ,1.19      ,0.294     ,0.0402    ,     10000
     2835,4.032     ,-1.19     ,0.114     ,0.0663    ,     10000
     2836,4.032     ,-3.17     ,0.256     ,0.0347    ,     10000
     2837,4.032     ,4.37      ,0.243     ,0.0717    ,     10000
     2838,4.032     ,0.79      ,0.320     ,0.0500    ,     10000
     2839,4.032     ,-2.18     ,0.256     ,0.0293    ,     10000
     2840,4.032     ,-3.37     ,0.217     ,0.0282    ,     10000
     2841,4.032     ,-0.60     ,0.063     ,0.0369    ,     10000
     2842,4.032     ,0.40      ,0.449     ,0.0347    ,     10000
     2843,4.032     ,0.20      ,0.243     ,0.0598    ,     10000
     2844,4.032     ,0.99      ,0.127     ,0.0315    ,     10000
     2845,4.032     ,1.59      ,0.423     ,0.0434    ,     10000
     2846,4.032     ,0.79      ,0.384     ,0.0478    ,     10000
     2847,4.032     ,1.19      ,0.294     ,0.0489    ,     10000
     2848,4.032     ,-2.58     ,0.423     ,0.0184    ,     10000
     2849,4.032     ,-1.59     ,0.461     ,0.0163    ,     10000
     2850,4.032     ,-0.79     ,0.294     ,0.0380    ,     10000
     2851,4.032     ,-0.60     ,0.320     ,0.0130    ,     10000
     2852,4.032     ,0.99      ,0.256     ,0.0478    ,     10000
     2853,4.032     ,1.59      ,0.384     ,0.0532    ,     10000
     2854,4.032     ,3.17      ,0.474     ,0.0554    ,     10000
     2855,4.032     ,1.79      ,0.281     ,0.0402    ,     10000
     2856,4.032     ,-2.98     ,0.294     ,0.0271    ,     10000
     2857,4.032     ,-0.20     ,0.217     ,0.0217    ,     10000
     2858,4.032     ,-0.40     ,0.281     ,0.0326    ,     10000
     2859,4.032     ,1.39      ,0.230     ,0.0337    ,     10000
     2860,4.032     ,-0.79     ,0.256     ,0.0326    ,     10000
     2861,4.032     ,-1.19     ,0.410     ,0.0543    ,     10000
     2862,4.032     ,0.40      ,0.217     ,0.0456    ,     10000
     2863,4.032     ,2.38      ,0.346     ,0.0532    ,     10000
     2864,4.032     ,0.40      ,0.307     ,0.0304    ,     10000
     2865,4.032     ,-0.79     ,0.320     ,0.0358    ,     10000
     2866,4.032     ,0.99      ,0.384     ,0.0402    ,     10000
     2867,4.032     ,-1.98     ,0.256     ,0.0206    ,     10000
     2868,4.032     ,-2.78     ,0.436     ,0.0489    ,     10000
     2869,4.032     ,3.97      ,0.217     ,0.0532    ,     10000
     2870,4.032     ,0.40      ,0.371     ,0.0652    ,     10000
     2871,4.032     ,0.99      ,0.204     ,0.0326    ,     10000
     2872,4.032     ,0.79      ,0.256     ,0.0434    ,     10000
     2873,4.032     ,0.99      ,0.461     ,0.0282    ,     10000
     2874,4.032     ,-0.60     ,0.256     ,0.0445    ,     10000
     2875,4.032     ,0.00      ,0.127     ,0.0391    ,     10000
     2876,4.032     ,2.58      ,0.191     ,0.0445    ,     10000
     2877,4.032     ,2.58      ,0.153     ,0.0402    ,     10000
     2878,4.032     ,3.97      ,0.114     ,0.0445    ,     10000
     2879,4.032     ,3.17      ,0.269     ,0.0402    ,     10000
     2880,4.032     ,-1.79     ,0.127     ,0.0337    ,     10000
     2881,4.032     ,0.00      ,0.371     ,0.0456    ,     10000
     2882,4.032     ,-0.79     ,0.269     ,0.0413    ,     10000
     2883,3.968     ,1.19      ,0.269     ,0.0326    ,     10000
     2884,4.032     ,-2.18     ,0.371     ,0.0271    ,     10000
     2885,4.032     ,0.20      ,0.397     ,0.0391    ,     10000
     2886,4.032     ,1.39      ,0.333     ,0.0456    ,     10000
     2887,4.032     ,-0.99     ,0.281     ,0.0521    ,     10000
     2888,4.000     ,1.19      ,0.359     ,0.0467    ,     10000
     2889,3.794     ,-2.78     ,0.513     ,0.0424    ,     10000
     2890,3.841     ,-2.38     ,0.217     ,0.0424    ,     10000
     2891,4.032     ,-1.98     ,0.050     ,0.0467    ,     10000
     2892,4.032     ,-0.20     ,0.384     ,0.0369    ,     10000
     2893,4.032     ,3.77      ,0.500     ,0.0434    ,     10000
     2894,4.032     ,-0.60     ,0.307     ,0.0619    ,     10000
     2895,4.032     ,2.78      ,0.359     ,0.0554    ,     10000
     2896,4.032     ,2.38      ,0.140     ,0.0489    ,     10000
     2897,3.698     ,0.20      ,0.397     ,0.0424    ,     10000
     2898,4.032     ,-0.60     ,0.153     ,0.0402    ,     10000
     2899,4.032     ,1.19      ,0.307     ,0.0402    ,     10000
     2900,4.032     ,1.59      ,0.114     ,0.0369    ,     10000
     2901,4.032     ,-0.60     ,0.397     ,0.0554    ,     10000
     2902,4.032     ,0.00      ,0.256     ,0.0521    ,     10000
     2903,4.032     ,0.60      ,0.166     ,0.0587    ,     10000
     2904,4.032     ,0.79      ,0.101     ,0.0576    ,     10000
     2905,3.603     ,-2.38     ,0.204     ,0.0445    ,     10000
     2906,3.968     ,-0.99     ,0.320     ,0.0456    ,     10000
     2907,4.000     ,0.79      ,0.230     ,0.0445    ,     10000
     2908,3.952     ,0.20      ,0.307     ,0.0391    ,     10000
     2909,3.873     ,0.20      ,0.333     ,0.0641    ,     10000
     2910,4.032     ,-1.19     ,0.101     ,0.0685    ,     10000
     2911,4.032     ,0.60      ,0.346     ,0.0554    ,     10000
     2912,3.810     ,1.98      ,0.166     ,0.0489    ,     10000
     2913,3.810     ,1.79      ,0.256     ,0.0369    ,     10000
     2914,3.937     ,-2.38     ,0.204     ,0.0521    ,     10000
     2915,3.825     ,-0.79     ,0.333     ,0.0173    ,     10000
     2916,3.905     ,-0.99     ,0.050     ,0.0391    ,     10000
     2917,3.810     ,-1.59     ,0.346     ,0.0511    ,     10000
     2918,4.032     ,-1.79     ,0.191     ,0.0532    ,     10000
     2919,3.921     ,-1.59     ,0.269     ,0.0445    ,     10000
     2920,4.032     ,4.96      ,0.410     ,0.0608    ,     10000
     2921,4.032     ,0.60      ,0.436     ,0.0695    ,     10000
     2922,3.698     ,-2.98     ,0.269     ,0.0478    ,     10000
     2923,3.683     ,-0.40     ,0.423     ,0.0293    ,     10000
     2924,3.810     ,1.39      ,0.281     ,0.0489    ,     10000
     2925,4.000     ,-0.60     ,0.461     ,0.0260    ,     10000
     2926,4.032     ,-0.99     ,0.307     ,0.0445    ,     10000
     2927,3.984     ,-0.99     ,0.140     ,0.0380    ,     10000
     2928,3.857     ,2.38      ,0.320     ,0.0619    ,     10000
     2929,4.032     ,1.98      ,0.256     ,0.0478    ,     10000
     2930,3.857     ,-1.98     ,0.371     ,0.0424    ,     10000
     2931,3.905     ,-0.99     ,0.346     ,0.0402    ,     10000
     2932,3.921     ,0.20      ,0.333     ,0.0543    ,     10000
     2933,3.762     ,0.79      ,0.307     ,0.0424    ,     10000
     2934,3.984     ,-1.19     ,0.063     ,0.0695    ,     10000
     2935,3.857     ,-3.57     ,0.217     ,0.0391    ,     10000
     2936,3.794     ,3.97      ,0.217     ,0.0739    ,     10000
     2937,3.952     ,0.40      ,0.294     ,0.0521    ,     10000
     2938,3.746     ,-2.38     ,0.230     ,0.0315    ,     10000
     2939,3.794     ,-3.57     ,0.217     ,0.0304    ,     10000
     2940,3.857     ,-0.79     ,0.063     ,0.0424    ,     10000
     2941,4.032     ,0.20      ,0.436     ,0.0369    ,     10000
     2942,3.540     ,0.20      ,0.230     ,0.0619    ,     10000
     2943,4.032     ,0.79      ,0.114     ,0.0337    ,     10000
     2944,4.032     ,1.19      ,0.423     ,0.0467    ,     10000
     2945,3.857     ,0.60      ,0.359     ,0.0511    ,     10000
     2946,3.810     ,1.19      ,0.294     ,0.0511    ,     10000
     2947,3.730     ,-2.58     ,0.461     ,0.0239    ,     10000
     2948,3.762     ,-1.59     ,0.461     ,0.0217    ,     10000
     2949,4.032     ,-0.99     ,0.320     ,0.0424    ,     10000
     2950,3.921     ,-0.60     ,0.333     ,0.0195    ,     10000
     2951,3.873     ,0.99      ,0.243     ,0.0511    ,     10000
     2952,3.746     ,1.39      ,0.410     ,0.0565    ,     10000
     2953,4.032     ,3.37      ,0.487     ,0.0608    ,     10000
     2954,3.889     ,1.59      ,0.307     ,0.0445    ,     10000
     2955,3.825     ,-3.17     ,0.346     ,0.0326    ,     10000
     2956,3.857     ,-0.20     ,0.217     ,0.0250    ,     10000
     2957,3.794     ,-0.20     ,0.307     ,0.0358    ,     10000
     2958,4.032     ,1.39      ,0.217     ,0.0369    ,     10000
     2959,3.635     ,-0.99     ,0.269     ,0.0380    ,     10000
     2960,4.032     ,-1.19     ,0.423     ,0.0587    ,     10000
     2961,3.873     ,0.60      ,0.243     ,0.0489    ,     10000
     2962,3.889     ,2.58      ,0.359     ,0.0576    ,     10000
     2963,3.603     ,0.40      ,0.320     ,0.0358    ,     10000
     2964,3.540     ,-0.99     ,0.333     ,0.0424    ,     10000
     2965,3.667     ,0.99      ,0.410     ,0.0413    ,     10000
     2966,3.651     ,-2.18     ,0.256     ,0.0239    ,     10000
     2967,3.794     ,-2.78     ,0.436     ,0.0554    ,     10000
     2968,3.667     ,3.77      ,0.256     ,0.0576    ,     10000
     2969,4.032     ,0.40      ,0.371     ,0.0695    ,     10000
     2970,3.889     ,1.19      ,0.204     ,0.0380    ,     10000
     2971,3.730     ,0.60      ,0.269     ,0.0478    ,     10000
     2972,3.492     ,0.79      ,0.449     ,0.0315    ,     10000
     2973,3.714     ,-0.60     ,0.256     ,0.0489    ,     10000
     2974,3.762     ,0.00      ,0.140     ,0.0456    ,     10000
     2975,3.794     ,2.58      ,0.204     ,0.0489    ,     10000
     2976,3.905     ,2.58      ,0.153     ,0.0445    ,     10000
     2977,3.905     ,3.97      ,0.140     ,0.0478    ,     10000
     2978,3.762     ,3.17      ,0.269     ,0.0434    ,     10000
     2979,3.714     ,-1.79     ,0.140     ,0.0391    ,     10000
     2980,3.587     ,-0.20     ,0.397     ,0.0478    ,     10000
     2981,3.746     ,-0.99     ,0.307     ,0.0467    ,     10000
     2982,3.571     ,1.19      ,0.294     ,0.0380    ,     10000
     2983,3.746     ,-1.98     ,0.371     ,0.0304    ,     10000
     2984,3.540     ,0.20      ,0.410     ,0.0434    ,     10000
     2985,3.937     ,1.19      ,0.346     ,0.0489    ,     10000
     2986,3.841     ,-0.99     ,0.307     ,0.0565    ,     10000
     2987,3.540     ,1.19      ,0.384     ,0.0521    ,     10000
     2988,3.349     ,-2.98     ,0.513     ,0.0467    ,     10000
     2989,3.302     ,-2.58     ,0.230     ,0.0456    ,     10000
     2990,3.571     ,-1.98     ,0.063     ,0.0511    ,     10000
     2991,3.571     ,-0.20     ,0.371     ,0.0402    ,     10000
     2992,3.714     ,3.57      ,0.513     ,0.0467    ,     10000
     2993,3.714     ,-0.40     ,0.307     ,0.0630    ,     10000
     2994,3.857     ,2.38      ,0.397     ,0.0598    ,     10000
     2995,3.714     ,2.38      ,0.166     ,0.0532    ,     10000
     2996,3.317     ,0.00      ,0.397     ,0.0467    ,     10000
     2997,3.714     ,-0.40     ,0.153     ,0.0445    ,     10000
     2998,3.778     ,0.99      ,0.294     ,0.0424    ,     10000
     2999,3.683     ,1.39      ,0.153     ,0.0380    ,     10000
     3000,3.730     ,-0.99     ,0.410     ,0.0587    ,     10000
     3001,3.873     ,0.20      ,0.243     ,0.0543    ,     10000
     3002,3.667     ,0.60      ,0.179     ,0.0619    ,     10000
     3003,3.730     ,0.40      ,0.114     ,0.0608    ,     10000
     3004,3.190     ,-2.38     ,0.230     ,0.0478    ,     10000
     3005,3.635     ,-0.79     ,0.333     ,0.0478    ,     10000
     3006,3.683     ,0.99      ,0.243     ,0.0478    ,     10000
     3007,3.635     ,0.00      ,0.294     ,0.0424    ,     10000
     3008,3.556     ,0.20      ,0.333     ,0.0663    ,     10000
     3009,3.778     ,-1.39     ,0.101     ,0.0706    ,     10000
     3010,3.794     ,0.79      ,0.359     ,0.0587    ,     10000
     3011,3.476     ,1.79      ,0.166     ,0.0511    ,     10000
     3012,3.540     ,1.59      ,0.256     ,0.0380    ,     10000
     3013,3.635     ,-2.18     ,0.217     ,0.0543    ,     10000
     3014,3.476     ,-0.79     ,0.333     ,0.0195    ,     10000
     3015,3.587     ,-1.39     ,0.063     ,0.0424    ,     10000
     3016,3.587     ,-1.59     ,0.333     ,0.0554    ,     10000
     3017,3.714     ,-1.79     ,0.217     ,0.0554    ,     10000
     3018,3.619     ,-1.59     ,0.281     ,0.0478    ,     10000
     3019,3.778     ,4.96      ,0.397     ,0.0619    ,     10000
     3020,3.810     ,0.60      ,0.436     ,0.0717    ,     10000
     3021,3.476     ,-3.17     ,0.294     ,0.0489    ,     10000
     3022,3.413     ,-0.60     ,0.423     ,0.0315    ,     10000
     3023,3.556     ,1.39      ,0.294     ,0.0511    ,     10000
     3024,3.762     ,-0.60     ,0.461     ,0.0271    ,     10000
     3025,3.841     ,-0.79     ,0.333     ,0.0478    ,     10000
     3026,3.794     ,-0.60     ,0.153     ,0.0402    ,     10000
     3027,3.667     ,2.58      ,0.359     ,0.0630    ,     10000
     3028,3.889     ,2.18      ,0.281     ,0.0467    ,     10000
     3029,3.667     ,-2.18     ,0.371     ,0.0456    ,     10000
     3030,3.762     ,-0.79     ,0.346     ,0.0413    ,     10000
     3031,3.714     ,0.20      ,0.346     ,0.0554    ,     10000
     3032,3.635     ,0.60      ,0.294     ,0.0445    ,     10000
     3033,3.810     ,-1.39     ,0.101     ,0.0706    ,     10000
     3034,3.698     ,-2.98     ,0.256     ,0.0413    ,     10000
     3035,3.635     ,3.77      ,0.243     ,0.0750    ,     10000
     3036,3.794     ,0.20      ,0.320     ,0.0543    ,     10000
     3037,3.651     ,-2.58     ,0.243     ,0.0337    ,     10000
     3038,3.603     ,-3.57     ,0.217     ,0.0315    ,     10000
     3039,3.587     ,-0.99     ,0.089     ,0.0424    ,     10000
     3040,3.794     ,0.00      ,0.461     ,0.0391    ,     10000
     3041,3.444     ,0.00      ,0.243     ,0.0619    ,     10000
     3042,3.952     ,0.60      ,0.140     ,0.0358    ,     10000
     3043,3.905     ,0.99      ,0.423     ,0.0467    ,     10000
     3044,3.698     ,0.40      ,0.371     ,0.0521    ,     10000
     3045,3.730     ,1.19      ,0.294     ,0.0543    ,     10000
     3046,3.730     ,-2.58     ,0.436     ,0.0239    ,     10000
     3047,3.651     ,-1.19     ,0.449     ,0.0239    ,     10000
     3048,3.889     ,-0.79     ,0.294     ,0.0445    ,     10000
     3049,3.905     ,-0.40     ,0.333     ,0.0184    ,     10000
     3050,3.825     ,0.99      ,0.256     ,0.0532    ,     10000
     3051,3.667     ,1.59      ,0.371     ,0.0576    ,     10000
     3052,4.032     ,3.17      ,0.474     ,0.0608    ,     10000
     3053,3.857     ,2.18      ,0.281     ,0.0456    ,     10000
     3054,3.794     ,-3.37     ,0.294     ,0.0326    ,     10000
     3055,3.889     ,0.00      ,0.217     ,0.0271    ,     10000
     3056,3.762     ,0.00      ,0.307     ,0.0369    ,     10000
     3057,3.984     ,1.59      ,0.179     ,0.0391    ,     10000
     3058,3.683     ,-0.60     ,0.256     ,0.0369    ,     10000
     3059,4.032     ,-1.19     ,0.397     ,0.0598    ,     10000
     3060,3.905     ,0.60      ,0.204     ,0.0511    ,     10000
     3061,3.921     ,2.78      ,0.346     ,0.0587    ,     10000
     3062,3.651     ,0.40      ,0.307     ,0.0369    ,     10000
     3063,3.667     ,-0.99     ,0.307     ,0.0434    ,     10000
     3064,3.683     ,1.39      ,0.384     ,0.0434    ,     10000
     3065,3.698     ,-2.38     ,0.217     ,0.0260    ,     10000
     3066,3.810     ,-2.78     ,0.410     ,0.0554    ,     10000
     3067,3.762     ,4.17      ,0.217     ,0.0576    ,     10000
     3068,4.032     ,0.20      ,0.346     ,0.0685    ,     10000
     3069,3.952     ,1.19      ,0.191     ,0.0380    ,     10000
     3070,3.778     ,0.60      ,0.256     ,0.0489    ,     10000
     3071,3.619     ,0.79      ,0.436     ,0.0337    ,     10000
     3072,3.825     ,-0.60     ,0.243     ,0.0478    ,     10000
     3073,3.889     ,0.00      ,0.114     ,0.0434    ,     10000
     3074,3.873     ,2.98      ,0.191     ,0.0478    ,     10000
     3075,4.000     ,2.38      ,0.153     ,0.0434    ,     10000
     3076,4.032     ,3.97      ,0.127     ,0.0467    ,     10000
     3077,3.937     ,3.57      ,0.230     ,0.0445    ,     10000
     3078,3.937     ,-1.59     ,0.127     ,0.0380    ,     10000
     3079,3.857     ,0.20      ,0.371     ,0.0467    ,     10000
     3080,3.968     ,-0.79     ,0.281     ,0.0456    ,     10000
     3081,3.714     ,1.39      ,0.269     ,0.0369    ,     10000
     3082,3.921     ,-1.98     ,0.371     ,0.0282    ,     10000
     3083,3.810     ,0.00      ,0.397     ,0.0402    ,     10000
     3084,4.032     ,1.59      ,0.346     ,0.0478    ,     10000
     3085,4.032     ,-0.79     ,0.281     ,0.0565    ,     10000
     3086,3.794     ,1.39      ,0.359     ,0.0511    ,     10000
     3087,3.603     ,-2.98     ,0.513     ,0.0445    ,     10000
     3088,3.651     ,-2.38     ,0.204     ,0.0445    ,     10000
     3089,3.921     ,-1.79     ,0.050     ,0.0489    ,     10000
     3090,3.857     ,0.00      ,0.359     ,0.0402    ,     10000
     3091,4.032     ,3.57      ,0.513     ,0.0456    ,     10000
     3092,4.000     ,-0.40     ,0.307     ,0.0630    ,     10000
     3093,4.032     ,2.78      ,0.384     ,0.0576    ,     10000
     3094,4.000     ,2.58      ,0.127     ,0.0511    ,     10000
     3095,3.587     ,0.20      ,0.397     ,0.0445    ,     10000
     3096,4.032     ,-0.20     ,0.140     ,0.0434    ,     10000
     3097,4.032     ,0.99      ,0.294     ,0.0413    ,     10000
     3098,4.032     ,1.79      ,0.140     ,0.0369    ,     10000
     3099,4.032     ,-0.60     ,0.397     ,0.0565    ,     10000
     3100,4.032     ,0.20      ,0.217     ,0.0532    ,     10000
     3101,3.984     ,0.60      ,0.166     ,0.0608    ,     10000
     3102,4.032     ,0.40      ,0.089     ,0.0598    ,     10000
     3103,3.571     ,-2.38     ,0.191     ,0.0456    ,     10000
     3104,3.968     ,-0.99     ,0.307     ,0.0445    ,     10000
     3105,4.032     ,0.99      ,0.217     ,0.0467    ,     10000
     3106,3.968     ,0.40      ,0.281     ,0.0402    ,     10000
     3107,3.921     ,0.00      ,0.333     ,0.0641    ,     10000
     3108,4.032     ,-0.99     ,0.101     ,0.0685    ,     10000
     3109,4.032     ,0.79      ,0.359     ,0.0576    ,     10000
     3110,3.873     ,2.18      ,0.140     ,0.0489    ,     10000
     3111,3.905     ,1.59      ,0.256     ,0.0369    ,     10000
     3112,4.032     ,-2.18     ,0.204     ,0.0511    ,     10000
     3113,3.905     ,-0.60     ,0.333     ,0.0184    ,     10000
     3114,4.032     ,-0.79     ,0.037     ,0.0391    ,     10000
     3115,3.984     ,-1.19     ,0.333     ,0.0532    ,     10000
     3116,4.032     ,-1.98     ,0.204     ,0.0543    ,     10000
     3117,4.032     ,-1.59     ,0.256     ,0.0445    ,     10000
     3118,4.032     ,5.36      ,0.384     ,0.0619    ,     10000
     3119,4.032     ,0.60      ,0.436     ,0.0695    ,     10000
     3120,3.873     ,-2.98     ,0.281     ,0.0467    ,     10000
     3121,3.825     ,-0.20     ,0.423     ,0.0293    ,     10000
     3122,3.952     ,1.39      ,0.294     ,0.0489    ,     10000
     3123,4.032     ,-0.20     ,0.449     ,0.0250    ,     10000
     3124,4.032     ,-0.79     ,0.307     ,0.0445    ,     10000
     3125,4.032     ,-0.40     ,0.140     ,0.0380    ,     10000
     3126,4.032     ,2.78      ,0.333     ,0.0619    ,     10000
     3127,4.032     ,2.18      ,0.269     ,0.0467    ,     10000
     3128,4.032     ,-1.79     ,0.359     ,0.0413    ,     10000
     3129,4.032     ,-0.79     ,0.333     ,0.0402    ,     10000
     3130,4.032     ,0.20      ,0.346     ,0.0554    ,     10000
     3131,4.032     ,0.99      ,0.294     ,0.0413    ,     10000
     3132,4.032     ,-0.99     ,0.076     ,0.0695    ,     10000
     3133,4.032     ,-3.17     ,0.217     ,0.0380    ,     10000
     3134,4.032     ,3.97      ,0.217     ,0.0728    ,     10000
     3135,4.032     ,0.99      ,0.294     ,0.0532    ,     10000
     3136,4.032     ,-2.38     ,0.230     ,0.0315    ,     10000
     3137,4.032     ,-3.17     ,0.179     ,0.0293    ,     10000
     3138,4.032     ,-0.60     ,0.050     ,0.0391    ,     10000
     3139,4.032     ,0.40      ,0.436     ,0.0358    ,     10000
     3140,3.873     ,0.20      ,0.217     ,0.0587    ,     10000
     3141,4.032     ,0.79      ,0.101     ,0.0337    ,     10000
     3142,4.032     ,1.39      ,0.397     ,0.0456    ,     10000
     3143,4.032     ,0.60      ,0.359     ,0.0489    ,     10000
     3144,4.032     ,1.19      ,0.281     ,0.0511    ,     10000
     3145,4.032     ,-2.58     ,0.436     ,0.0206    ,     10000
     3146,4.032     ,-1.39     ,0.436     ,0.0195    ,     10000
     3147,4.032     ,-1.19     ,0.307     ,0.0402    ,     10000
     3148,4.032     ,-0.79     ,0.346     ,0.0163    ,     10000
     3149,4.032     ,0.99      ,0.269     ,0.0489    ,     10000
     3150,4.032     ,1.59      ,0.397     ,0.0554    ,     10000
     3151,4.032     ,3.17      ,0.487     ,0.0587    ,     10000
     3152,4.032     ,1.79      ,0.307     ,0.0445    ,     10000
     3153,4.032     ,-3.17     ,0.307     ,0.0293    ,     10000
     3154,4.032     ,0.00      ,0.230     ,0.0239    ,     10000
     3155,4.032     ,0.20      ,0.307     ,0.0337    ,     10000
     3156,4.032     ,1.39      ,0.217     ,0.0347    ,     10000
     3157,4.032     ,-0.99     ,0.269     ,0.0347    ,     10000
     3158,4.032     ,-0.99     ,0.410     ,0.0576    ,     10000
     3159,4.032     ,0.60      ,0.230     ,0.0478    ,     10000
     3160,4.032     ,2.58      ,0.346     ,0.0543    ,     10000
     3161,3.968     ,0.60      ,0.307     ,0.0326    ,     10000
     3162,3.984     ,-0.79     ,0.333     ,0.0391    ,     10000
     3163,4.032     ,1.39      ,0.410     ,0.0402    ,     10000
     3164,4.032     ,-2.38     ,0.243     ,0.0217    ,     10000
     3165,4.032     ,-2.78     ,0.436     ,0.0511    ,     10000
     3166,4.032     ,4.17      ,0.230     ,0.0554    ,     10000
     3167,4.032     ,0.20      ,0.397     ,0.0652    ,     10000
     3168,4.032     ,0.99      ,0.204     ,0.0347    ,     10000
     3169,4.032     ,0.99      ,0.269     ,0.0434    ,     10000
     3170,4.000     ,0.79      ,0.461     ,0.0282    ,     10000
     3171,4.032     ,-0.99     ,0.256     ,0.0456    ,     10000
     3172,4.032     ,-0.40     ,0.114     ,0.0402    ,     10000
     3173,4.032     ,2.58      ,0.217     ,0.0456    ,     10000
     3174,4.032     ,2.58      ,0.153     ,0.0391    ,     10000
     3175,4.032     ,3.97      ,0.140     ,0.0445    ,     10000
     3176,4.032     ,3.17      ,0.269     ,0.0413    ,     10000
     3177,4.032     ,-1.98     ,0.166     ,0.0337    ,     10000
     3178,4.032     ,-0.20     ,0.384     ,0.0434    ,     10000
     3179,4.032     ,-1.19     ,0.281     ,0.0424    ,     10000
     3180,4.032     ,0.99      ,0.294     ,0.0315    ,     10000
     3181,4.032     ,-1.98     ,0.371     ,0.0260    ,     10000
     3182,4.032     ,0.20      ,0.397     ,0.0391    ,     10000
     3183,4.032     ,1.19      ,0.359     ,0.0434    ,     10000
     3184,4.032     ,-0.99     ,0.307     ,0.0521    ,     10000
     3185,4.032     ,1.19      ,0.371     ,0.0456    ,     10000
     3186,3.952     ,-2.58     ,0.539     ,0.0434    ,     10000
     3187,4.032     ,-2.38     ,0.256     ,0.0402    ,     10000
     3188,4.032     ,-1.79     ,0.063     ,0.0445    ,     10000
     3189,4.032     ,-0.20     ,0.371     ,0.0347    ,     10000
     3190,4.032     ,3.57      ,0.539     ,0.0445    ,     10000
     3191,4.032     ,-0.40     ,0.307     ,0.0587    ,     10000
     3192,4.032     ,2.78      ,0.384     ,0.0543    ,     10000
     3193,4.032     ,2.78      ,0.179     ,0.0456    ,     10000
     3194,3.873     ,0.20      ,0.384     ,0.0424    ,     10000
     3195,4.032     ,-0.79     ,0.153     ,0.0391    ,     10000
     3196,4.032     ,1.19      ,0.320     ,0.0369    ,     10000
     3197,4.032     ,1.79      ,0.153     ,0.0347    ,     10000
     3198,4.032     ,-0.79     ,0.410     ,0.0554    ,     10000
     3199,4.032     ,0.20      ,0.230     ,0.0489    ,     10000
     3200,4.032     ,0.20      ,0.179     ,0.0587    ,     10000
     3201,4.032     ,0.60      ,0.089     ,0.0554    ,     10000
     3202,3.841     ,-1.79     ,0.217     ,0.0424    ,     10000
     3203,4.032     ,-1.19     ,0.320     ,0.0424    ,     10000
     3204,4.032     ,0.79      ,0.230     ,0.0434    ,     10000
     3205,4.032     ,0.00      ,0.307     ,0.0358    ,     10000
     3206,4.032     ,0.00      ,0.346     ,0.0630    ,     10000
     3207,4.032     ,-0.99     ,0.101     ,0.0674    ,     10000
     3208,4.032     ,0.79      ,0.359     ,0.0532    ,     10000
     3209,4.032     ,1.98      ,0.204     ,0.0467    ,     10000
     3210,4.032     ,1.59      ,0.269     ,0.0347    ,     10000
     3211,4.032     ,-2.38     ,0.230     ,0.0500    ,     10000
     3212,4.032     ,-0.79     ,0.333     ,0.0163    ,     10000
     3213,4.032     ,-1.19     ,0.063     ,0.0369    ,     10000
     3214,4.032     ,-1.39     ,0.346     ,0.0489    ,     10000
     3215,4.032     ,-1.79     ,0.217     ,0.0521    ,     10000
     3216,4.032     ,-1.19     ,0.281     ,0.0424    ,     10000
     3217,4.032     ,4.96      ,0.410     ,0.0598    ,     10000
     3218,4.032     ,0.60      ,0.436     ,0.0674    ,     10000
     3219,4.000     ,-3.37     ,0.294     ,0.0445    ,     10000
     3220,4.000     ,-0.20     ,0.436     ,0.0293    ,     10000
     3221,4.032     ,0.99      ,0.294     ,0.0467    ,     10000
     3222,4.032     ,-0.40     ,0.461     ,0.0228    ,     10000
     3223,4.032     ,-0.99     ,0.320     ,0.0413    ,     10000
     3224,4.032     ,-0.79     ,0.153     ,0.0369    ,     10000
     3225,4.032     ,2.58      ,0.333     ,0.0587    ,     10000
     3226,4.032     ,2.18      ,0.281     ,0.0434    ,     10000
     3227,4.032     ,-1.98     ,0.384     ,0.0402    ,     10000
     3228,4.032     ,-0.79     ,0.359     ,0.0369    ,     10000
     3229,4.032     ,0.40      ,0.333     ,0.0521    ,     10000
     3230,4.032     ,0.99      ,0.294     ,0.0402    ,     10000
     3231,4.032     ,-1.39     ,0.101     ,0.0663    ,     10000
     3232,4.032     ,-3.17     ,0.269     ,0.0369    ,     10000
     3233,4.032     ,4.17      ,0.230     ,0.0728    ,     10000
     3234,4.032     ,0.60      ,0.294     ,0.0500    ,     10000
     3235,4.032     ,-2.58     ,0.256     ,0.0293    ,     10000
     3236,4.032     ,-3.57     ,0.230     ,0.0271    ,     10000
     3237,4.032     ,-0.60     ,0.076     ,0.0402    ,     10000
     3238,4.032     ,0.20      ,0.436     ,0.0347    ,     10000
     3239,3.937     ,0.20      ,0.243     ,0.0587    ,     10000
     3240,4.032     ,0.79      ,0.140     ,0.0326    ,     10000
     3241,4.032     ,1.39      ,0.410     ,0.0434    ,     10000
     3242,4.032     ,0.79      ,0.384     ,0.0478    ,     10000
     3243,4.032     ,0.60      ,0.294     ,0.0478    ,     10000
     3244,4.032     ,-2.58     ,0.423     ,0.0206    ,     10000
     3245,4.032     ,-1.59     ,0.461     ,0.0173    ,     10000
     3246,4.032     ,-0.79     ,0.307     ,0.0402    ,     10000
     3247,4.032     ,-0.79     ,0.320     ,0.0152    ,     10000
     3248,4.032     ,0.99      ,0.243     ,0.0489    ,     10000
     3249,4.032     ,1.39      ,0.384     ,0.0532    ,     10000
     3250,4.032     ,3.17      ,0.461     ,0.0554    ,     10000
     3251,4.032     ,1.98      ,0.281     ,0.0413    ,     10000
     3252,4.032     ,-3.17     ,0.307     ,0.0282    ,     10000
     3253,4.032     ,0.00      ,0.204     ,0.0228    ,     10000
     3254,4.032     ,-0.40     ,0.281     ,0.0304    ,     10000
     3255,4.032     ,1.39      ,0.191     ,0.0326    ,     10000
     3256,4.032     ,-0.99     ,0.256     ,0.0337    ,     10000
     3257,4.032     ,-0.79     ,0.410     ,0.0587    ,     10000
     3258,4.032     ,0.40      ,0.204     ,0.0456    ,     10000
     3259,4.032     ,2.78      ,0.333     ,0.0543    ,     10000
     3260,3.952     ,0.40      ,0.307     ,0.0304    ,     10000
     3261,4.000     ,-0.99     ,0.320     ,0.0380    ,     10000
     3262,4.032     ,0.99      ,0.397     ,0.0391    ,     10000
     3263,4.032     ,-1.98     ,0.230     ,0.0228    ,     10000
     3264,4.032     ,-2.58     ,0.423     ,0.0511    ,     10000
     3265,4.032     ,3.97      ,0.217     ,0.0532    ,     10000
     3266,4.032     ,0.20      ,0.371     ,0.0663    ,     10000
     3267,4.032     ,0.99      ,0.179     ,0.0337    ,     10000
     3268,4.032     ,0.60      ,0.256     ,0.0434    ,     10000
     3269,3.921     ,0.79      ,0.449     ,0.0304    ,     10000
     3270,4.032     ,-0.60     ,0.243     ,0.0467    ,     10000
     3271,4.032     ,0.00      ,0.127     ,0.0402    ,     10000
     3272,4.032     ,2.78      ,0.179     ,0.0445    ,     10000
     3273,4.032     ,2.58      ,0.166     ,0.0402    ,     10000
     3274,4.032     ,3.97      ,0.140     ,0.0456    ,     10000
     3275,4.032     ,2.98      ,0.256     ,0.0413    ,     10000
     3276,4.032     ,-1.79     ,0.140     ,0.0347    ,     10000
     3277,4.032     ,0.00      ,0.397     ,0.0445    ,     10000
     3278,4.032     ,-0.99     ,0.281     ,0.0424    ,     10000
     3279,3.952     ,1.39      ,0.281     ,0.0347    ,     10000
     3280,4.032     ,-1.98     ,0.346     ,0.0260    ,     10000
     3281,4.032     ,0.20      ,0.371     ,0.0380    ,     10000
     3282,4.032     ,1.39      ,0.333     ,0.0445    ,     10000
     3283,4.032     ,-0.99     ,0.294     ,0.0532    ,     10000
     3284,4.000     ,1.39      ,0.359     ,0.0489    ,     10000
     3285,3.762     ,-2.78     ,0.513     ,0.0434    ,     10000
     3286,3.810     ,-2.38     ,0.217     ,0.0413    ,     10000
     3287,4.032     ,-1.79     ,0.050     ,0.0456    ,     10000
     3288,4.032     ,0.00      ,0.371     ,0.0369    ,     10000
     3289,4.032     ,3.37      ,0.513     ,0.0434    ,     10000
     3290,4.032     ,-0.60     ,0.307     ,0.0587    ,     10000
     3291,4.032     ,2.58      ,0.371     ,0.0565    ,     10000
     3292,4.032     ,2.58      ,0.153     ,0.0500    ,     10000
     3293,3.730     ,0.20      ,0.397     ,0.0424    ,     10000
     3294,4.032     ,-0.60     ,0.166     ,0.0402    ,     10000
     3295,4.032     ,1.19      ,0.281     ,0.0402    ,     10000
     3296,4.032     ,1.98      ,0.127     ,0.0358    ,     10000
     3297,4.032     ,-0.60     ,0.410     ,0.0565    ,     10000
     3298,4.032     ,0.20      ,0.243     ,0.0511    ,     10000
     3299,4.032     ,0.79      ,0.166     ,0.0598    ,     10000
     3300,4.032     ,0.79      ,0.089     ,0.0565    ,     10000
     3301,3.603     ,-2.18     ,0.191     ,0.0445    ,     10000
     3302,3.984     ,-1.59     ,0.333     ,0.0434    ,     10000
     3303,4.032     ,1.19      ,0.217     ,0.0445    ,     10000
     3304,4.000     ,0.20      ,0.307     ,0.0380    ,     10000
     3305,3.937     ,0.00      ,0.333     ,0.0630    ,     10000
     3306,4.032     ,-1.39     ,0.089     ,0.0674    ,     10000
     3307,4.032     ,0.60      ,0.359     ,0.0543    ,     10000
     3308,3.841     ,1.79      ,0.153     ,0.0489    ,     10000
     3309,3.873     ,1.98      ,0.269     ,0.0369    ,     10000
     3310,4.000     ,-2.38     ,0.217     ,0.0511    ,     10000
     3311,3.873     ,-0.79     ,0.320     ,0.0163    ,     10000
     3312,3.952     ,-1.19     ,0.037     ,0.0391    ,     10000
     3313,3.952     ,-1.39     ,0.320     ,0.0511    ,     10000
     3314,4.032     ,-1.98     ,0.217     ,0.0521    ,     10000
     3315,3.984     ,-1.59     ,0.269     ,0.0445    ,     10000
     3316,4.032     ,5.16      ,0.410     ,0.0587    ,     10000
     3317,4.032     ,0.79      ,0.423     ,0.0695    ,     10000
     3318,3.778     ,-3.17     ,0.294     ,0.0467    ,     10000
     3319,3.730     ,-0.40     ,0.436     ,0.0293    ,     10000
     3320,3.857     ,1.39      ,0.281     ,0.0456    ,     10000
     3321,4.032     ,-0.40     ,0.436     ,0.0228    ,     10000
     3322,4.032     ,-0.99     ,0.307     ,0.0424    ,     10000
     3323,4.032     ,-0.60     ,0.127     ,0.0369    ,     10000
     3324,3.952     ,2.38      ,0.346     ,0.0598    ,     10000
     3325,4.032     ,2.18      ,0.269     ,0.0445    ,     10000
     3326,3.984     ,-1.98     ,0.371     ,0.0424    ,     10000
     3327,4.032     ,-0.60     ,0.346     ,0.0380    ,     10000
     3328,4.032     ,0.00      ,0.333     ,0.0532    ,     10000
     3329,3.937     ,0.79      ,0.281     ,0.0434    ,     10000
     3330,4.032     ,-1.39     ,0.076     ,0.0685    ,     10000
     3331,4.000     ,-3.17     ,0.217     ,0.0369    ,     10000
     3332,3.952     ,3.97      ,0.217     ,0.0728    ,     10000
     3333,4.032     ,0.60      ,0.307     ,0.0511    ,     10000
     3334,3.921     ,-2.38     ,0.217     ,0.0293    ,     10000
     3335,3.889     ,-3.57     ,0.179     ,0.0293    ,     10000
     3336,3.905     ,-0.60     ,0.037     ,0.0413    ,     10000
     3337,4.032     ,0.20      ,0.436     ,0.0369    ,     10000
     3338,3.698     ,0.00      ,0.204     ,0.0608    ,     10000
     3339,4.032     ,0.79      ,0.101     ,0.0326    ,     10000
     3340,4.032     ,1.39      ,0.410     ,0.0445    ,     10000
     3341,3.968     ,0.60      ,0.346     ,0.0500    ,     10000
     3342,3.952     ,1.19      ,0.281     ,0.0500    ,     10000
     3343,3.937     ,-2.58     ,0.436     ,0.0228    ,     10000
     3344,3.825     ,-1.39     ,0.449     ,0.0206    ,     10000
     3345,4.032     ,-1.19     ,0.307     ,0.0413    ,     10000
     3346,4.032     ,-0.60     ,0.333     ,0.0184    ,     10000
     3347,4.000     ,0.79      ,0.269     ,0.0511    ,     10000
     3348,3.841     ,1.59      ,0.397     ,0.0565    ,     10000
     3349,4.032     ,3.37      ,0.487     ,0.0587    ,     10000
     3350,4.000     ,1.79      ,0.333     ,0.0434    ,     10000
     3351,3.921     ,-3.37     ,0.307     ,0.0282    ,     10000
     3352,4.032     ,-0.20     ,0.230     ,0.0250    ,     10000
     3353,3.857     ,0.00      ,0.294     ,0.0358    ,     10000
     3354,4.032     ,1.39      ,0.217     ,0.0358    ,     10000
     3355,3.794     ,-1.19     ,0.269     ,0.0369    ,     10000
     3356,4.032     ,-0.99     ,0.410     ,0.0598    ,     10000
     3357,4.032     ,0.60      ,0.230     ,0.0489    ,     10000
     3358,4.000     ,2.58      ,0.346     ,0.0554    ,     10000
     3359,3.698     ,0.60      ,0.320     ,0.0337    ,     10000
     3360,3.714     ,-1.19     ,0.320     ,0.0413    ,     10000
     3361,3.762     ,1.19      ,0.397     ,0.0402    ,     10000
     3362,3.762     ,-2.38     ,0.243     ,0.0217    ,     10000
     3363,3.889     ,-2.58     ,0.436     ,0.0532    ,     10000
     3364,3.810     ,3.97      ,0.230     ,0.0565    ,     10000
     3365,4.032     ,0.20      ,0.371     ,0.0663    ,     10000
     3366,4.032     ,0.99      ,0.217     ,0.0380    ,     10000
     3367,3.857     ,0.60      ,0.269     ,0.0456    ,     10000
     3368,3.683     ,0.40      ,0.436     ,0.0304    ,     10000
     3369,3.873     ,-0.79     ,0.256     ,0.0467    ,     10000
     3370,3.921     ,-0.20     ,0.127     ,0.0434    ,     10000
     3371,3.905     ,2.98      ,0.191     ,0.0467    ,     10000
     3372,4.032     ,2.38      ,0.166     ,0.0424    ,     10000
     3373,4.032     ,3.77      ,0.153     ,0.0467    ,     10000
     3374,3.952     ,3.17      ,0.269     ,0.0434    ,     10000
     3375,3.937     ,-1.59     ,0.140     ,0.0380    ,     10000
     3376,3.762     ,-0.20     ,0.371     ,0.0456    ,     10000
     3377,3.889     ,-1.19     ,0.281     ,0.0456    ,     10000
     3378,3.651     ,1.19      ,0.294     ,0.0369    ,     10000
     3379,3.905     ,-2.18     ,0.359     ,0.0293    ,     10000
     3380,3.794     ,-0.20     ,0.397     ,0.0413    ,     10000
     3381,4.032     ,1.19      ,0.333     ,0.0478    ,     10000
     3382,3.937     ,-0.79     ,0.307     ,0.0565    ,     10000
     3383,3.698     ,1.19      ,0.371     ,0.0500    ,     10000
     3384,3.476     ,-3.17     ,0.526     ,0.0456    ,     10000
     3385,3.524     ,-2.58     ,0.217     ,0.0434    ,     10000
     3386,3.841     ,-2.18     ,0.076     ,0.0489    ,     10000
     3387,3.730     ,-0.20     ,0.359     ,0.0380    ,     10000
     3388,3.841     ,3.37      ,0.500     ,0.0467    ,     10000
     3389,3.825     ,-0.40     ,0.307     ,0.0630    ,     10000
     3390,4.032     ,2.38      ,0.384     ,0.0587    ,     10000
     3391,3.841     ,2.58      ,0.140     ,0.0489    ,     10000
     3392,3.413     ,0.20      ,0.397     ,0.0456    ,     10000
     3393,3.873     ,-0.60     ,0.166     ,0.0445    ,     10000
     3394,4.000     ,1.19      ,0.307     ,0.0402    ,     10000
     3395,3.905     ,1.98      ,0.140     ,0.0391    ,     10000
     3396,3.825     ,-0.99     ,0.384     ,0.0565    ,     10000
     3397,3.984     ,0.00      ,0.230     ,0.0532    ,     10000
     3398,3.794     ,0.20      ,0.217     ,0.0619    ,     10000
     3399,3.968     ,0.60      ,0.101     ,0.0587    ,     10000
     3400,3.413     ,-2.38     ,0.217     ,0.0445    ,     10000
     3401,3.762     ,-0.99     ,0.320     ,0.0467    ,     10000
     3402,3.825     ,0.79      ,0.217     ,0.0478    ,     10000
     3403,3.778     ,0.20      ,0.294     ,0.0413    ,     10000
     3404,3.746     ,0.20      ,0.371     ,0.0652    ,     10000
     3405,4.000     ,-1.59     ,0.101     ,0.0685    ,     10000
     3406,3.984     ,0.79      ,0.359     ,0.0576    ,     10000
     3407,3.651     ,2.18      ,0.179     ,0.0500    ,     10000
     3408,3.651     ,1.59      ,0.269     ,0.0358    ,     10000
     3409,3.810     ,-2.38     ,0.217     ,0.0532    ,     10000
     3410,3.683     ,-0.79     ,0.346     ,0.0184    ,     10000
     3411,3.778     ,-1.19     ,0.063     ,0.0413    ,     10000
     3412,3.762     ,-1.79     ,0.346     ,0.0521    ,     10000
     3413,3.921     ,-1.59     ,0.204     ,0.0554    ,     10000
     3414,3.825     ,-1.79     ,0.281     ,0.0456    ,     10000
     3415,3.952     ,5.16      ,0.397     ,0.0608    ,     10000
     3416,3.952     ,0.60      ,0.449     ,0.0695    ,     10000
     3417,3.619     ,-2.98     ,0.307     ,0.0478    ,     10000
     3418,3.571     ,-0.40     ,0.436     ,0.0293    ,     10000
     3419,3.714     ,1.39      ,0.281     ,0.0500    ,     10000
     3420,3.921     ,-0.60     ,0.436     ,0.0260    ,     10000
     3421,4.000     ,-0.60     ,0.307     ,0.0467    ,     10000
     3422,3.937     ,-0.79     ,0.153     ,0.0402    ,     10000
     3423,3.794     ,2.58      ,0.346     ,0.0641    ,     10000
     3424,4.032     ,1.98      ,0.256     ,0.0456    ,     10000
     3425,3.810     ,-1.98     ,0.371     ,0.0434    ,     10000
     3426,3.873     ,-0.79     ,0.346     ,0.0391    ,     10000
     3427,3.841     ,0.20      ,0.346     ,0.0543    ,     10000
     3428,3.746     ,0.79      ,0.294     ,0.0434    ,     10000
     3429,3.937     ,-1.39     ,0.076     ,0.0706    ,     10000
     3430,3.889     ,-2.98     ,0.243     ,0.0391    ,     10000
     3431,3.810     ,3.97      ,0.269     ,0.0750    ,     10000
     3432,3.968     ,0.60      ,0.320     ,0.0532    ,     10000
     3433,3.746     ,-2.58     ,0.230     ,0.0315    ,     10000
     3434,3.746     ,-3.57     ,0.204     ,0.0304    ,     10000
     3435,3.714     ,-0.79     ,0.076     ,0.0413    ,     10000
     3436,3.937     ,0.20      ,0.449     ,0.0369    ,     10000
     3437,3.540     ,0.20      ,0.230     ,0.0619    ,     10000
     3438,4.032     ,0.79      ,0.127     ,0.0337    ,     10000
     3439,4.032     ,1.39      ,0.410     ,0.0467    ,     10000
     3440,3.841     ,0.40      ,0.397     ,0.0511    ,     10000
     3441,3.778     ,0.99      ,0.294     ,0.0532    ,     10000
     3442,3.857     ,-2.58     ,0.410     ,0.0217    ,     10000
     3443,3.762     ,-1.39     ,0.436     ,0.0217    ,     10000
     3444,4.032     ,-1.19     ,0.307     ,0.0402    ,     10000
     3445,4.032     ,-0.60     ,0.333     ,0.0173    ,     10000
     3446,3.952     ,0.99      ,0.243     ,0.0500    ,     10000
     3447,3.762     ,1.59      ,0.384     ,0.0543    ,     10000
     3448,4.032     ,3.37      ,0.461     ,0.0587    ,     10000
     3449,3.968     ,1.79      ,0.294     ,0.0445    ,     10000
     3450,3.889     ,-3.37     ,0.294     ,0.0304    ,     10000
     3451,3.984     ,-0.40     ,0.217     ,0.0239    ,     10000
     3452,3.825     ,0.00      ,0.294     ,0.0347    ,     10000
     3453,4.032     ,1.19      ,0.191     ,0.0347    ,     10000
     3454,3.825     ,-0.79     ,0.256     ,0.0358    ,     10000
     3455,4.032     ,-1.39     ,0.397     ,0.0576    ,     10000
     3456,4.032     ,0.40      ,0.204     ,0.0478    ,     10000
     3457,4.000     ,2.58      ,0.346     ,0.0565    ,     10000
     3458,3.714     ,0.60      ,0.281     ,0.0347    ,     10000
     3459,3.746     ,-0.99     ,0.320     ,0.0424    ,     10000
     3460,3.794     ,1.19      ,0.397     ,0.0413    ,     10000
     3461,3.778     ,-2.38     ,0.230     ,0.0239    ,     10000
     3462,3.921     ,-2.58     ,0.423     ,0.0532    ,     10000
     3463,3.825     ,3.97      ,0.217     ,0.0565    ,     10000
     3464,4.032     ,0.40      ,0.384     ,0.0663    ,     10000
     3465,4.032     ,0.99      ,0.191     ,0.0358    ,     10000
     3466,3.873     ,0.79      ,0.243     ,0.0456    ,     10000
     3467,3.683     ,0.79      ,0.449     ,0.0326    ,     10000
     3468,3.889     ,-0.60     ,0.243     ,0.0478    ,     10000
     3469,3.952     ,-0.40     ,0.127     ,0.0424    ,     10000
     3470,3.984     ,2.78      ,0.191     ,0.0467    ,     10000
     3471,4.032     ,2.38      ,0.166     ,0.0434    ,     10000
     3472,4.032     ,3.97      ,0.127     ,0.0456    ,     10000
     3473,4.032     ,2.98      ,0.243     ,0.0424    ,     10000
     3474,4.032     ,-1.39     ,0.127     ,0.0369    ,     10000
     3475,3.857     ,0.00      ,0.359     ,0.0456    ,     10000
     3476,4.000     ,-0.99     ,0.281     ,0.0434    ,     10000
     3477,3.746     ,0.99      ,0.281     ,0.0358    ,     10000
     3478,4.032     ,-1.98     ,0.346     ,0.0282    ,     10000
     3479,3.841     ,0.20      ,0.384     ,0.0402    ,     10000
     3480,4.032     ,0.99      ,0.333     ,0.0445    ,     10000
     3481,4.032     ,-0.79     ,0.294     ,0.0543    ,     10000
     3482,3.810     ,1.19      ,0.371     ,0.0489    ,     10000
     3483,3.603     ,-2.78     ,0.500     ,0.0456    ,     10000
     3484,3.651     ,-2.38     ,0.204     ,0.0424    ,     10000
     3485,4.000     ,-1.79     ,0.076     ,0.0478    ,     10000
     3486,3.921     ,-0.20     ,0.359     ,0.0391    ,     10000
     3487,4.032     ,3.57      ,0.500     ,0.0456    ,     10000
     3488,4.032     ,-0.20     ,0.281     ,0.0608    ,     10000
     3489,4.032     ,2.58      ,0.371     ,0.0565    ,     10000
     3490,4.032     ,2.58      ,0.153     ,0.0500    ,     10000
     3491,3.619     ,0.20      ,0.397     ,0.0434    ,     10000
     3492,4.032     ,-0.79     ,0.127     ,0.0402    ,     10000
     3493,4.032     ,1.39      ,0.281     ,0.0402    ,     10000
     3494,4.032     ,1.98      ,0.114     ,0.0369    ,     10000
     3495,4.032     ,-0.60     ,0.397     ,0.0565    ,     10000
     3496,4.032     ,0.00      ,0.230     ,0.0511    ,     10000
     3497,3.968     ,0.79      ,0.166     ,0.0608    ,     10000
     3498,4.032     ,0.60      ,0.089     ,0.0587    ,     10000
     3499,3.556     ,-2.38     ,0.191     ,0.0445    ,     10000
     3500,3.921     ,-0.79     ,0.307     ,0.0456    ,     10000
     3501,4.032     ,0.79      ,0.191     ,0.0445    ,     10000
     3502,3.984     ,0.00      ,0.307     ,0.0380    ,     10000
     3503,3.905     ,0.20      ,0.359     ,0.0641    ,     10000
     3504,4.032     ,-1.19     ,0.089     ,0.0685    ,     10000
     3505,4.032     ,0.60      ,0.346     ,0.0554    ,     10000
     3506,3.889     ,1.98      ,0.179     ,0.0467    ,     10000
     3507,3.873     ,1.79      ,0.269     ,0.0358    ,     10000
     3508,4.032     ,-1.98     ,0.204     ,0.0511    ,     10000
     3509,3.873     ,-0.79     ,0.320     ,0.0173    ,     10000
     3510,3.968     ,-1.39     ,0.050     ,0.0391    ,     10000
     3511,3.952     ,-1.39     ,0.333     ,0.0521    ,     10000
     3512,4.032     ,-1.79     ,0.204     ,0.0532    ,     10000
     3513,4.000     ,-1.59     ,0.269     ,0.0445    ,     10000
     3514,4.032     ,5.16      ,0.397     ,0.0619    ,     10000
     3515,4.032     ,0.60      ,0.436     ,0.0674    ,     10000
     3516,3.794     ,-2.98     ,0.281     ,0.0456    ,     10000
     3517,3.778     ,-0.40     ,0.436     ,0.0304    ,     10000
     3518,3.905     ,1.39      ,0.281     ,0.0478    ,     10000
     3519,4.032     ,-0.60     ,0.436     ,0.0239    ,     10000
     3520,4.032     ,-0.99     ,0.307     ,0.0424    ,     10000
     3521,4.032     ,-0.60     ,0.127     ,0.0369    ,     10000
     3522,4.032     ,2.58      ,0.346     ,0.0608    ,     10000
     3523,4.032     ,2.18      ,0.281     ,0.0445    ,     10000
     3524,4.032     ,-1.79     ,0.384     ,0.0402    ,     10000
     3525,4.032     ,-0.60     ,0.333     ,0.0380    ,     10000
     3526,4.032     ,0.40      ,0.333     ,0.0532    ,     10000
     3527,4.000     ,1.19      ,0.281     ,0.0424    ,     10000
     3528,4.032     ,-1.19     ,0.076     ,0.0685    ,     10000
     3529,4.032     ,-2.98     ,0.230     ,0.0369    ,     10000
     3530,4.032     ,3.77      ,0.230     ,0.0739    ,     10000
     3531,4.032     ,0.79      ,0.294     ,0.0521    ,     10000
     3532,3.984     ,-2.38     ,0.230     ,0.0304    ,     10000
     3533,3.937     ,-3.57     ,0.204     ,0.0282    ,     10000
     3534,3.952     ,-0.60     ,0.063     ,0.0402    ,     10000
     3535,4.032     ,0.20      ,0.423     ,0.0369    ,     10000
     3536,3.778     ,0.00      ,0.230     ,0.0598    ,     10000
     3537,4.032     ,0.79      ,0.101     ,0.0326    ,     10000
     3538,4.032     ,1.59      ,0.397     ,0.0467    ,     10000
     3539,4.032     ,0.60      ,0.359     ,0.0478    ,     10000
     3540,4.000     ,0.79      ,0.281     ,0.0511    ,     10000
     3541,4.032     ,-2.18     ,0.436     ,0.0206    ,     10000
     3542,3.921     ,-1.39     ,0.461     ,0.0217    ,     10000
     3543,4.032     ,-0.79     ,0.307     ,0.0402    ,     10000
     3544,4.032     ,-0.60     ,0.346     ,0.0173    ,     10000
     3545,4.032     ,1.19      ,0.256     ,0.0511    ,     10000
     3546,3.952     ,1.39      ,0.397     ,0.0532    ,     10000
     3547,4.032     ,3.37      ,0.487     ,0.0587    ,     10000
     3548,4.032     ,1.98      ,0.320     ,0.0434    ,     10000
     3549,4.032     ,-2.98     ,0.320     ,0.0293    ,     10000
     3550,4.032     ,0.20      ,0.243     ,0.0239    ,     10000
     3551,4.032     ,0.20      ,0.294     ,0.0347    ,     10000
     3552,4.032     ,1.59      ,0.217     ,0.0347    ,     10000
     3553,3.968     ,-0.79     ,0.269     ,0.0347    ,     10000
     3554,4.032     ,-0.99     ,0.397     ,0.0576    ,     10000
     3555,4.032     ,0.79      ,0.243     ,0.0478    ,     10000
     3556,4.032     ,2.78      ,0.333     ,0.0554    ,     10000
     3557,3.968     ,0.60      ,0.307     ,0.0337    ,     10000
     3558,3.968     ,-1.19     ,0.359     ,0.0391    ,     10000
     3559,3.968     ,0.99      ,0.410     ,0.0391    ,     10000
     3560,3.968     ,-2.18     ,0.243     ,0.0228    ,     10000
     3561,4.032     ,-2.38     ,0.436     ,0.0532    ,     10000
     3562,4.032     ,3.97      ,0.243     ,0.0554    ,     10000
     3563,4.032     ,0.40      ,0.371     ,0.0685    ,     10000
     3564,4.032     ,0.99      ,0.191     ,0.0358    ,     10000
     3565,4.032     ,0.79      ,0.269     ,0.0434    ,     10000
     3566,3.984     ,0.79      ,0.449     ,0.0304    ,     10000
     3567,4.032     ,-0.40     ,0.256     ,0.0456    ,     10000
     3568,4.032     ,0.00      ,0.127     ,0.0413    ,     10000
     3569,4.032     ,2.98      ,0.204     ,0.0456    ,     10000
     3570,4.032     ,2.98      ,0.179     ,0.0424    ,     10000
     3571,4.032     ,4.17      ,0.153     ,0.0456    ,     10000
     3572,4.032     ,3.17      ,0.281     ,0.0434    ,     10000
     3573,4.032     ,-1.59     ,0.140     ,0.0358    ,     10000
     3574,4.032     ,-0.20     ,0.397     ,0.0445    ,     10000
     3575,4.032     ,-0.79     ,0.281     ,0.0434    ,     10000
     3576,4.032     ,1.39      ,0.307     ,0.0337    ,     10000
     3577,4.032     ,-1.98     ,0.371     ,0.0260    ,     10000
     3578,4.032     ,0.40      ,0.384     ,0.0413    ,     10000
     3579,4.032     ,1.59      ,0.371     ,0.0456    ,     10000
     3580,4.032     ,-0.79     ,0.320     ,0.0532    ,     10000
     3581,4.032     ,1.59      ,0.397     ,0.0489    ,     10000
     3582,3.857     ,-2.98     ,0.513     ,0.0424    ,     10000
     3583,3.841     ,-1.98     ,0.243     ,0.0424    ,     10000
     3584,4.032     ,-1.59     ,0.063     ,0.0467    ,     10000
     3585,4.032     ,0.20      ,0.371     ,0.0369    ,     10000
     3586,4.032     ,3.77      ,0.513     ,0.0445    ,     10000
     3587,4.032     ,-0.20     ,0.320     ,0.0608    ,     10000
     3588,4.032     ,2.78      ,0.410     ,0.0565    ,     10000
     3589,4.032     ,2.78      ,0.166     ,0.0511    ,     10000
     3590,3.810     ,0.20      ,0.397     ,0.0424    ,     10000
     3591,4.032     ,-0.40     ,0.179     ,0.0413    ,     10000
     3592,4.032     ,1.19      ,0.294     ,0.0391    ,     10000
     3593,4.032     ,1.79      ,0.140     ,0.0358    ,     10000
     3594,4.032     ,-0.60     ,0.436     ,0.0565    ,     10000
     3595,4.032     ,0.40      ,0.243     ,0.0511    ,     10000
     3596,4.032     ,0.79      ,0.191     ,0.0608    ,     10000
     3597,4.032     ,0.99      ,0.114     ,0.0565    ,     10000
     3598,3.730     ,-2.18     ,0.230     ,0.0456    ,     10000
     3599,4.032     ,-0.79     ,0.333     ,0.0445    ,     10000
     3600,4.032     ,0.79      ,0.243     ,0.0434    ,     10000
     3601,4.032     ,0.20      ,0.320     ,0.0391    ,     10000
     3602,4.032     ,0.20      ,0.346     ,0.0641    ,     10000
     3603,4.032     ,-0.99     ,0.114     ,0.0663    ,     10000
     3604,4.032     ,0.79      ,0.359     ,0.0554    ,     10000
     3605,4.000     ,2.38      ,0.179     ,0.0467    ,     10000
     3606,4.000     ,1.98      ,0.281     ,0.0347    ,     10000
     3607,4.032     ,-2.38     ,0.217     ,0.0500    ,     10000
     3608,4.032     ,-0.79     ,0.346     ,0.0173    ,     10000
     3609,4.032     ,-0.99     ,0.063     ,0.0380    ,     10000
     3610,4.032     ,-1.19     ,0.346     ,0.0511    ,     10000
     3611,4.032     ,-1.98     ,0.204     ,0.0521    ,     10000
     3612,4.032     ,-1.39     ,0.281     ,0.0434    ,     10000
     3613,4.032     ,5.16      ,0.423     ,0.0587    ,     10000
     3614,4.032     ,0.60      ,0.436     ,0.0685    ,     10000
     3615,3.968     ,-2.98     ,0.307     ,0.0467    ,     10000
     3616,3.952     ,-0.40     ,0.436     ,0.0282    ,     10000
     3617,4.032     ,1.39      ,0.281     ,0.0478    ,     10000
     3618,4.032     ,-0.60     ,0.461     ,0.0228    ,     10000
     3619,4.032     ,-0.79     ,0.333     ,0.0445    ,     10000
     3620,4.032     ,-0.60     ,0.166     ,0.0369    ,     10000
     3621,4.032     ,2.58      ,0.359     ,0.0619    ,     10000
     3622,4.032     ,1.98      ,0.269     ,0.0456    ,     10000
     3623,4.032     ,-1.98     ,0.384     ,0.0413    ,     10000
     3624,4.032     ,-0.60     ,0.359     ,0.0369    ,     10000
     3625,4.032     ,0.40      ,0.359     ,0.0532    ,     10000
     3626,4.032     ,1.19      ,0.294     ,0.0424    ,     10000
     3627,4.032     ,-1.39     ,0.101     ,0.0695    ,     10000
     3628,4.032     ,-2.98     ,0.256     ,0.0369    ,     10000
     3629,4.032     ,4.17      ,0.243     ,0.0739    ,     10000
     3630,4.032     ,0.40      ,0.307     ,0.0511    ,     10000
     3631,4.032     ,-2.18     ,0.243     ,0.0293    ,     10000
     3632,4.032     ,-3.37     ,0.204     ,0.0282    ,     10000
     3633,4.032     ,-0.40     ,0.063     ,0.0402    ,     10000
     3634,4.032     ,0.60      ,0.423     ,0.0358    ,     10000
     3635,3.841     ,0.20      ,0.243     ,0.0598    ,     10000
     3636,4.032     ,0.79      ,0.101     ,0.0337    ,     10000
     3637,4.032     ,1.19      ,0.423     ,0.0456    ,     10000
     3638,4.032     ,0.79      ,0.371     ,0.0500    ,     10000
     3639,4.032     ,1.19      ,0.294     ,0.0511    ,     10000
     3640,4.032     ,-2.38     ,0.449     ,0.0206    ,     10000
     3641,4.032     ,-1.39     ,0.449     ,0.0195    ,     10000
     3642,4.032     ,-0.79     ,0.294     ,0.0402    ,     10000
     3643,4.032     ,-0.60     ,0.333     ,0.0152    ,     10000
     3644,4.032     ,1.19      ,0.269     ,0.0500    ,     10000
     3645,4.032     ,1.39      ,0.384     ,0.0554    ,     10000
     3646,4.032     ,3.17      ,0.474     ,0.0565    ,     10000
     3647,4.032     ,2.18      ,0.281     ,0.0424    ,     10000
     3648,4.032     ,-3.17     ,0.281     ,0.0293    ,     10000
     3649,4.032     ,0.00      ,0.217     ,0.0228    ,     10000
     3650,4.032     ,0.00      ,0.281     ,0.0337    ,     10000
     3651,4.032     ,1.59      ,0.204     ,0.0347    ,     10000
     3652,4.000     ,-1.19     ,0.256     ,0.0337    ,     10000
     3653,4.032     ,-0.79     ,0.397     ,0.0554    ,     10000
     3654,4.032     ,0.60      ,0.217     ,0.0456    ,     10000
     3655,4.032     ,2.58      ,0.346     ,0.0532    ,     10000
     3656,3.921     ,0.60      ,0.307     ,0.0304    ,     10000
     3657,3.952     ,-0.99     ,0.333     ,0.0380    ,     10000
     3658,4.000     ,0.99      ,0.410     ,0.0402    ,     10000
     3659,3.968     ,-2.18     ,0.243     ,0.0228    ,     10000
     3660,4.032     ,-2.78     ,0.436     ,0.0532    ,     10000
     3661,4.032     ,4.17      ,0.217     ,0.0554    ,     10000
     3662,4.032     ,0.40      ,0.359     ,0.0663    ,     10000
     3663,4.032     ,1.19      ,0.204     ,0.0369    ,     10000
     3664,4.032     ,0.79      ,0.256     ,0.0445    ,     10000
     3665,3.905     ,0.60      ,0.436     ,0.0282    ,     10000
     3666,4.032     ,-0.79     ,0.243     ,0.0467    ,     10000
     3667,4.032     ,0.00      ,0.114     ,0.0413    ,     10000
     3668,4.032     ,2.78      ,0.204     ,0.0445    ,     10000
     3669,4.032     ,2.58      ,0.166     ,0.0402    ,     10000
     3670,4.032     ,3.97      ,0.127     ,0.0445    ,     10000
     3671,4.032     ,3.57      ,0.230     ,0.0413    ,     10000
     3672,4.032     ,-1.59     ,0.140     ,0.0358    ,     10000
     3673,4.032     ,0.00      ,0.384     ,0.0445    ,     10000
     3674,4.032     ,-0.79     ,0.269     ,0.0424    ,     10000
     3675,3.952     ,1.19      ,0.281     ,0.0337    ,     10000
     3676,4.032     ,-1.98     ,0.359     ,0.0260    ,     10000
     3677,4.000     ,0.20      ,0.384     ,0.0402    ,     10000
     3678,4.032     ,1.39      ,0.333     ,0.0445    ,     10000
     3679,4.032     ,-0.79     ,0.294     ,0.0532    ,     10000
     3680,3.968     ,1.39      ,0.384     ,0.0478    ,     10000
     3681,3.778     ,-2.58     ,0.526     ,0.0424    ,     10000
     3682,3.778     ,-2.58     ,0.230     ,0.0424    ,     10000
     3683,4.032     ,-1.79     ,0.063     ,0.0456    ,     10000
     3684,3.968     ,-0.40     ,0.371     ,0.0369    ,     10000
     3685,4.032     ,3.57      ,0.513     ,0.0424    ,     10000
     3686,4.032     ,-0.40     ,0.307     ,0.0619    ,     10000
     3687,4.032     ,2.58      ,0.384     ,0.0565    ,     10000
     3688,4.032     ,2.38      ,0.166     ,0.0511    ,     10000
     3689,3.714     ,0.40      ,0.384     ,0.0424    ,     10000
     3690,4.032     ,-0.20     ,0.140     ,0.0413    ,     10000
     3691,4.032     ,1.39      ,0.294     ,0.0402    ,     10000
     3692,4.032     ,1.59      ,0.127     ,0.0369    ,     10000
     3693,4.032     ,-0.79     ,0.410     ,0.0565    ,     10000
     3694,4.032     ,0.20      ,0.230     ,0.0511    ,     10000
     3695,4.032     ,0.60      ,0.166     ,0.0598    ,     10000
     3696,4.032     ,0.79      ,0.089     ,0.0576    ,     10000
     3697,3.635     ,-2.38     ,0.191     ,0.0445    ,     10000
     3698,4.032     ,-0.99     ,0.333     ,0.0456    ,     10000
     3699,4.032     ,0.79      ,0.217     ,0.0434    ,     10000
     3700,4.000     ,0.20      ,0.294     ,0.0391    ,     10000
     3701,3.937     ,0.20      ,0.346     ,0.0641    ,     10000
     3702,4.032     ,-1.39     ,0.101     ,0.0663    ,     10000
     3703,4.032     ,0.99      ,0.333     ,0.0543    ,     10000
     3704,3.873     ,2.18      ,0.166     ,0.0489    ,     10000
     3705,3.905     ,1.59      ,0.269     ,0.0347    ,     10000
     3706,4.032     ,-2.38     ,0.217     ,0.0521    ,     10000
     3707,3.873     ,-0.99     ,0.333     ,0.0173    ,     10000
     3708,4.000     ,-0.79     ,0.037     ,0.0391    ,     10000
     3709,3.984     ,-1.39     ,0.333     ,0.0511    ,     10000
     3710,4.032     ,-1.79     ,0.191     ,0.0521    ,     10000
     3711,4.032     ,-1.79     ,0.256     ,0.0434    ,     10000
     3712,4.032     ,5.16      ,0.384     ,0.0598    ,     10000
     3713,4.032     ,0.60      ,0.436     ,0.0685    ,     10000
     3714,3.857     ,-2.98     ,0.294     ,0.0467    ,     10000
     3715,3.794     ,-0.20     ,0.410     ,0.0293    ,     10000
     3716,3.921     ,1.59      ,0.281     ,0.0478    ,     10000
     3717,4.032     ,-0.40     ,0.449     ,0.0228    ,     10000
     3718,4.032     ,-0.60     ,0.320     ,0.0434    ,     10000
     3719,4.032     ,-0.79     ,0.127     ,0.0358    ,     10000
     3720,4.000     ,2.58      ,0.346     ,0.0608    ,     10000
     3721,4.032     ,2.18      ,0.281     ,0.0456    ,     10000
     3722,4.032     ,-1.98     ,0.371     ,0.0424    ,     10000
     3723,4.032     ,-0.79     ,0.320     ,0.0391    ,     10000
     3724,4.032     ,0.20      ,0.346     ,0.0543    ,     10000
     3725,3.968     ,0.99      ,0.281     ,0.0424    ,     10000
     3726,4.032     ,-1.39     ,0.076     ,0.0674    ,     10000
     3727,4.032     ,-3.17     ,0.230     ,0.0380    ,     10000
     3728,3.984     ,4.17      ,0.230     ,0.0728    ,     10000
     3729,4.032     ,0.60      ,0.294     ,0.0521    ,     10000
     3730,3.984     ,-2.38     ,0.243     ,0.0304    ,     10000
     3731,3.937     ,-3.57     ,0.191     ,0.0304    ,     10000
     3732,3.937     ,-0.60     ,0.050     ,0.0402    ,     10000
     3733,4.032     ,0.40      ,0.423     ,0.0358    ,     10000
     3734,3.762     ,0.20      ,0.230     ,0.0587    ,     10000
     3735,4.032     ,0.79      ,0.101     ,0.0326    ,     10000
     3736,4.032     ,1.59      ,0.436     ,0.0456    ,     10000
     3737,4.032     ,0.60      ,0.333     ,0.0489    ,     10000
     3738,3.984     ,1.19      ,0.281     ,0.0511    ,     10000
     3739,3.937     ,-2.58     ,0.423     ,0.0206    ,     10000
     3740,3.857     ,-1.19     ,0.449     ,0.0217    ,     10000
     3741,4.032     ,-0.79     ,0.320     ,0.0424    ,     10000
     3742,4.032     ,-0.60     ,0.346     ,0.0184    ,     10000
     3743,4.032     ,0.99      ,0.281     ,0.0511    ,     10000
     3744,3.857     ,1.59      ,0.397     ,0.0554    ,     10000
     3745,4.032     ,3.57      ,0.487     ,0.0587    ,     10000
     3746,4.032     ,1.98      ,0.320     ,0.0434    ,     10000
     3747,3.968     ,-2.98     ,0.320     ,0.0304    ,     10000
     3748,4.032     ,-0.20     ,0.230     ,0.0228    ,     10000
     3749,3.889     ,0.20      ,0.294     ,0.0358    ,     10000
     3750,4.032     ,1.59      ,0.217     ,0.0358    ,     10000
     3751,3.841     ,-1.19     ,0.281     ,0.0347    ,     10000
     3752,4.032     ,-1.19     ,0.410     ,0.0576    ,     10000
     3753,4.032     ,0.60      ,0.217     ,0.0478    ,     10000
     3754,4.032     ,2.58      ,0.359     ,0.0565    ,     10000
     3755,3.794     ,0.40      ,0.307     ,0.0326    ,     10000
     3756,3.794     ,-0.79     ,0.333     ,0.0402    ,     10000
     3757,3.810     ,1.19      ,0.423     ,0.0413    ,     10000
     3758,3.810     ,-2.18     ,0.256     ,0.0239    ,     10000
     3759,3.952     ,-2.78     ,0.436     ,0.0532    ,     10000
     3760,3.857     ,4.17      ,0.230     ,0.0554    ,     10000
     3761,4.032     ,0.20      ,0.371     ,0.0674    ,     10000
     3762,4.032     ,1.19      ,0.217     ,0.0358    ,     10000
     3763,3.873     ,0.60      ,0.269     ,0.0456    ,     10000
     3764,3.651     ,1.19      ,0.461     ,0.0326    ,     10000
     3765,3.889     ,-0.60     ,0.269     ,0.0467    ,     10000
     3766,4.000     ,0.00      ,0.127     ,0.0424    ,     10000
     3767,3.952     ,2.98      ,0.230     ,0.0478    ,     10000
     3768,4.032     ,2.58      ,0.166     ,0.0434    ,     10000
     3769,4.032     ,4.17      ,0.127     ,0.0467    ,     10000
     3770,4.000     ,3.57      ,0.269     ,0.0445    ,     10000
     3771,4.000     ,-1.98     ,0.166     ,0.0358    ,     10000
     3772,3.889     ,-0.20     ,0.397     ,0.0456    ,     10000
     3773,3.968     ,-0.79     ,0.281     ,0.0445    ,     10000
     3774,3.667     ,1.19      ,0.294     ,0.0369    ,     10000
     3775,3.857     ,-1.98     ,0.371     ,0.0282    ,     10000
     3776,3.778     ,0.20      ,0.410     ,0.0413    ,     10000
     3777,4.032     ,1.39      ,0.359     ,0.0467    ,     10000
     3778,4.032     ,-0.79     ,0.307     ,0.0576    ,     10000
     3779,3.778     ,1.39      ,0.384     ,0.0511    ,     10000
     3780,3.508     ,-2.78     ,0.526     ,0.0445    ,     10000
     3781,3.587     ,-2.38     ,0.243     ,0.0445    ,     10000
     3782,3.905     ,-1.79     ,0.101     ,0.0478    ,     10000
     3783,3.810     ,-0.60     ,0.371     ,0.0391    ,     10000
     3784,3.921     ,3.57      ,0.526     ,0.0478    ,     10000
     3785,3.968     ,-0.40     ,0.320     ,0.0630    ,     10000
     3786,4.032     ,2.78      ,0.410     ,0.0576    ,     10000
     3787,3.984     ,2.38      ,0.179     ,0.0511    ,     10000
     3788,3.492     ,0.00      ,0.397     ,0.0424    ,     10000
     3789,3.921     ,-0.60     ,0.153     ,0.0413    ,     10000
     3790,4.032     ,1.59      ,0.320     ,0.0413    ,     10000
     3791,4.032     ,1.59      ,0.153     ,0.0380    ,     10000
     3792,3.984     ,-0.79     ,0.410     ,0.0565    ,     10000
     3793,4.032     ,0.20      ,0.256     ,0.0532    ,     10000
     3794,3.841     ,0.60      ,0.191     ,0.0619    ,     10000
     3795,3.984     ,0.60      ,0.114     ,0.0587    ,     10000
     3796,3.460     ,-2.18     ,0.217     ,0.0456    ,     10000
     3797,3.857     ,-0.79     ,0.333     ,0.0467    ,     10000
     3798,3.857     ,0.99      ,0.256     ,0.0467    ,     10000
     3799,3.794     ,0.20      ,0.320     ,0.0402    ,     10000
     3800,3.762     ,0.20      ,0.346     ,0.0652    ,     10000
     3801,4.032     ,-1.19     ,0.101     ,0.0695    ,     10000
     3802,4.032     ,0.79      ,0.359     ,0.0565    ,     10000
     3803,3.698     ,1.98      ,0.179     ,0.0489    ,     10000
     3804,3.714     ,1.79      ,0.281     ,0.0369    ,     10000
     3805,3.857     ,-2.18     ,0.243     ,0.0532    ,     10000
     3806,3.698     ,-0.79     ,0.333     ,0.0195    ,     10000
     3807,3.825     ,-1.39     ,0.063     ,0.0391    ,     10000
     3808,3.794     ,-1.19     ,0.346     ,0.0532    ,     10000
     3809,3.968     ,-1.79     ,0.230     ,0.0576    ,     10000
     3810,3.857     ,-1.39     ,0.294     ,0.0445    ,     10000
     3811,4.000     ,4.96      ,0.410     ,0.0619    ,     10000
     3812,4.032     ,0.60      ,0.436     ,0.0695    ,     10000
     3813,3.651     ,-2.78     ,0.320     ,0.0489    ,     10000
     3814,3.619     ,0.00      ,0.461     ,0.0293    ,     10000
     3815,3.730     ,1.59      ,0.294     ,0.0500    ,     10000
     3816,3.968     ,-0.40     ,0.449     ,0.0260    ,     10000
     3817,4.032     ,-0.40     ,0.320     ,0.0456    ,     10000
     3818,3.968     ,-0.79     ,0.166     ,0.0380    ,     10000
     3819,3.857     ,2.78      ,0.359     ,0.0630    ,     10000
     3820,4.032     ,2.18      ,0.269     ,0.0478    ,     10000
     3821,3.841     ,-2.18     ,0.371     ,0.0445    ,     10000
     3822,3.905     ,-0.60     ,0.359     ,0.0402    ,     10000
     3823,3.857     ,0.40      ,0.346     ,0.0554    ,     10000
     3824,3.841     ,0.99      ,0.294     ,0.0434    ,     10000
     3825,4.032     ,-1.39     ,0.101     ,0.0706    ,     10000
     3826,3.889     ,-2.98     ,0.243     ,0.0391    ,     10000
     3827,3.825     ,3.97      ,0.256     ,0.0728    ,     10000
     3828,4.032     ,0.79      ,0.307     ,0.0521    ,     10000
     3829,3.841     ,-2.18     ,0.243     ,0.0315    ,     10000
     3830,3.825     ,-3.77     ,0.217     ,0.0293    ,     10000
     3831,3.794     ,-0.60     ,0.076     ,0.0413    ,     10000
     3832,4.032     ,0.60      ,0.436     ,0.0358    ,     10000
     3833,3.683     ,0.00      ,0.243     ,0.0619    ,     10000
     3834,4.032     ,0.99      ,0.127     ,0.0347    ,     10000
     3835,4.032     ,0.99      ,0.436     ,0.0467    ,     10000
     3836,3.921     ,0.60      ,0.359     ,0.0511    ,     10000
     3837,3.889     ,1.19      ,0.294     ,0.0521    ,     10000
     3838,3.905     ,-2.78     ,0.423     ,0.0206    ,     10000
     3839,3.810     ,-1.59     ,0.449     ,0.0206    ,     10000
     3840,4.032     ,-0.99     ,0.294     ,0.0413    ,     10000
     3841,4.032     ,-0.99     ,0.333     ,0.0163    ,     10000
     3842,4.032     ,0.79      ,0.243     ,0.0489    ,     10000
     3843,3.841     ,1.39      ,0.384     ,0.0565    ,     10000
     3844,4.032     ,3.17      ,0.474     ,0.0576    ,     10000
     3845,4.032     ,1.79      ,0.294     ,0.0424    ,     10000
     3846,3.937     ,-2.98     ,0.281     ,0.0304    ,     10000
     3847,4.032     ,-0.20     ,0.230     ,0.0250    ,     10000
     3848,3.889     ,-0.20     ,0.281     ,0.0347    ,     10000
     3849,4.032     ,1.19      ,0.191     ,0.0347    ,     10000
     3850,3.825     ,-0.99     ,0.256     ,0.0347    ,     10000
     3851,4.032     ,-1.19     ,0.397     ,0.0576    ,     10000
     3852,4.032     ,0.40      ,0.217     ,0.0489    ,     10000
     3853,4.032     ,2.38      ,0.346     ,0.0565    ,     10000
     3854,3.730     ,0.60      ,0.281     ,0.0326    ,     10000
     3855,3.762     ,-1.19     ,0.320     ,0.0391    ,     10000
     3856,3.778     ,1.19      ,0.371     ,0.0402    ,     10000
     3857,3.762     ,-2.58     ,0.217     ,0.0228    ,     10000
     3858,3.921     ,-2.98     ,0.423     ,0.0532    ,     10000
     3859,3.857     ,3.77      ,0.204     ,0.0543    ,     10000
     3860,4.032     ,0.20      ,0.359     ,0.0663    ,     10000
     3861,4.032     ,0.99      ,0.191     ,0.0337    ,     10000
     3862,3.905     ,0.60      ,0.256     ,0.0445    ,     10000
     3863,3.714     ,0.60      ,0.436     ,0.0282    ,     10000
     3864,3.937     ,-0.79     ,0.256     ,0.0467    ,     10000
     3865,3.984     ,-0.40     ,0.140     ,0.0413    ,     10000
     3866,3.968     ,2.58      ,0.204     ,0.0456    ,     10000
     3867,4.032     ,2.58      ,0.127     ,0.0413    ,     10000
     3868,4.032     ,3.97      ,0.127     ,0.0445    ,     10000
     3869,4.032     ,3.17      ,0.256     ,0.0402    ,     10000
     3870,4.000     ,-1.79     ,0.127     ,0.0380    ,     10000
     3871,3.905     ,-0.40     ,0.371     ,0.0445    ,     10000
     3872,4.032     ,-1.19     ,0.281     ,0.0424    ,     10000
     3873,3.778     ,1.19      ,0.269     ,0.0358    ,     10000
     3874,4.000     ,-2.18     ,0.384     ,0.0260    ,     10000
     3875,3.905     ,0.20      ,0.371     ,0.0413    ,     10000
     3876,4.032     ,1.19      ,0.346     ,0.0456    ,     10000
     3877,4.032     ,-1.39     ,0.294     ,0.0532    ,     10000
     3878,3.857     ,1.39      ,0.384     ,0.0489    ,     10000
     3879,3.635     ,-2.98     ,0.500     ,0.0456    ,     10000
     3880,3.667     ,-2.38     ,0.217     ,0.0424    ,     10000
     3881,3.984     ,-2.18     ,0.076     ,0.0467    ,     10000
     3882,3.905     ,-0.20     ,0.371     ,0.0380    ,     10000
     3883,4.032     ,3.37      ,0.500     ,0.0445    ,     10000
     3884,4.032     ,-0.40     ,0.294     ,0.0598    ,     10000
     3885,4.032     ,2.38      ,0.359     ,0.0576    ,     10000
     3886,4.032     ,2.38      ,0.140     ,0.0489    ,     10000
     3887,3.635     ,0.20      ,0.397     ,0.0434    ,     10000
     3888,4.032     ,-0.79     ,0.153     ,0.0413    ,     10000
     3889,4.032     ,1.19      ,0.281     ,0.0391    ,     10000
     3890,4.032     ,1.59      ,0.114     ,0.0380    ,     10000
     3891,4.032     ,-0.99     ,0.397     ,0.0554    ,     10000
     3892,4.032     ,0.00      ,0.217     ,0.0511    ,     10000
     3893,4.000     ,0.40      ,0.179     ,0.0587    ,     10000
     3894,4.032     ,0.20      ,0.089     ,0.0587    ,     10000
     3895,3.603     ,-2.38     ,0.204     ,0.0434    ,     10000
     3896,3.984     ,-0.99     ,0.320     ,0.0445    ,     10000
     3897,4.032     ,0.79      ,0.217     ,0.0434    ,     10000
     3898,3.952     ,0.00      ,0.281     ,0.0380    ,     10000
     3899,3.889     ,0.00      ,0.333     ,0.0630    ,     10000
     3900,4.032     ,-1.39     ,0.089     ,0.0674    ,     10000
     3901,4.032     ,0.60      ,0.333     ,0.0554    ,     10000
     3902,3.857     ,1.59      ,0.153     ,0.0467    ,     10000
     3903,3.857     ,1.39      ,0.256     ,0.0358    ,     10000
     3904,4.000     ,-2.18     ,0.204     ,0.0521    ,     10000
     3905,3.841     ,-0.79     ,0.333     ,0.0163    ,     10000
     3906,3.937     ,-1.19     ,0.050     ,0.0391    ,     10000
     3907,3.952     ,-1.39     ,0.333     ,0.0511    ,     10000
     3908,4.032     ,-1.98     ,0.204     ,0.0521    ,     10000
     3909,3.984     ,-1.79     ,0.269     ,0.0434    ,     10000
     3910,4.032     ,4.76      ,0.384     ,0.0598    ,     10000
     3911,4.032     ,0.40      ,0.423     ,0.0674    ,     10000
     3912,3.762     ,-3.17     ,0.294     ,0.0478    ,     10000
     3913,3.762     ,-0.60     ,0.436     ,0.0282    ,     10000
     3914,3.857     ,1.39      ,0.294     ,0.0467    ,     10000
     3915,4.032     ,-0.40     ,0.423     ,0.0239    ,     10000
     3916,4.032     ,-1.19     ,0.294     ,0.0424    ,     10000
     3917,4.032     ,-0.79     ,0.140     ,0.0380    ,     10000
     3918,3.984     ,2.38      ,0.333     ,0.0608    ,     10000
     3919,4.032     ,2.18      ,0.256     ,0.0456    ,     10000
     3920,3.984     ,-1.79     ,0.359     ,0.0413    ,     10000
     3921,4.032     ,-0.79     ,0.320     ,0.0380    ,     10000
     3922,4.032     ,0.20      ,0.346     ,0.0532    ,     10000
     3923,3.968     ,0.79      ,0.294     ,0.0413    ,     10000
     3924,4.032     ,-1.39     ,0.076     ,0.0685    ,     10000
     3925,4.032     ,-3.17     ,0.230     ,0.0369    ,     10000
     3926,3.984     ,3.77      ,0.217     ,0.0739    ,     10000
     3927,4.032     ,0.60      ,0.307     ,0.0489    ,     10000
     3928,4.000     ,-2.18     ,0.217     ,0.0315    ,     10000
     3929,3.968     ,-3.57     ,0.204     ,0.0282    ,     10000
     3930,3.984     ,-0.60     ,0.050     ,0.0391    ,     10000
     3931,4.032     ,0.00      ,0.436     ,0.0358    ,     10000
     3932,3.825     ,0.00      ,0.217     ,0.0587    ,     10000
     3933,4.032     ,0.99      ,0.114     ,0.0315    ,     10000
     3934,4.032     ,1.19      ,0.410     ,0.0456    ,     10000
     3935,4.032     ,0.40      ,0.359     ,0.0489    ,     10000
     3936,4.032     ,0.79      ,0.294     ,0.0500    ,     10000
     3937,4.032     ,-2.58     ,0.423     ,0.0195    ,     10000
     3938,3.937     ,-1.59     ,0.461     ,0.0206    ,     10000
     3939,4.032     ,-0.99     ,0.307     ,0.0413    ,     10000
     3940,4.032     ,-0.60     ,0.346     ,0.0184    ,     10000
     3941,4.032     ,1.39      ,0.256     ,0.0489    ,     10000
     3942,4.032     ,1.59      ,0.371     ,0.0543    ,     10000
     3943,4.032     ,3.37      ,0.474     ,0.0587    ,     10000
     3944,4.032     ,1.98      ,0.307     ,0.0434    ,     10000
     3945,4.032     ,-3.17     ,0.307     ,0.0293    ,     10000
     3946,4.032     ,-0.20     ,0.217     ,0.0239    ,     10000
     3947,4.032     ,0.00      ,0.294     ,0.0337    ,     10000
     3948,4.032     ,1.59      ,0.204     ,0.0347    ,     10000
     3949,3.984     ,-0.79     ,0.281     ,0.0347    ,     10000
     3950,4.032     ,-1.19     ,0.410     ,0.0576    ,     10000
     3951,4.032     ,0.60      ,0.217     ,0.0467    ,     10000
     3952,4.032     ,2.78      ,0.346     ,0.0543    ,     10000
     3953,3.905     ,0.40      ,0.307     ,0.0326    ,     10000
     3954,3.921     ,-0.99     ,0.333     ,0.0391    ,     10000
     3955,3.968     ,1.19      ,0.397     ,0.0413    ,     10000
     3956,3.968     ,-2.38     ,0.230     ,0.0228    ,     10000
     3957,4.032     ,-2.58     ,0.436     ,0.0521    ,     10000
     3958,4.032     ,3.97      ,0.230     ,0.0554    ,     10000
     3959,4.032     ,0.40      ,0.371     ,0.0663    ,     10000
     3960,4.032     ,1.39      ,0.204     ,0.0347    ,     10000
     3961,4.032     ,0.99      ,0.269     ,0.0445    ,     10000
     3962,3.889     ,0.79      ,0.449     ,0.0304    ,     10000
     3963,4.032     ,-0.40     ,0.256     ,0.0478    ,     10000
     3964,4.032     ,-0.20     ,0.127     ,0.0434    ,     10000
     3965,4.032     ,2.98      ,0.204     ,0.0478    ,     10000
     3966,4.032     ,2.78      ,0.153     ,0.0402    ,     10000
     3967,4.032     ,3.97      ,0.140     ,0.0467    ,     10000
     3968,4.032     ,3.37      ,0.256     ,0.0424    ,     10000
     3969,4.032     ,-1.39     ,0.140     ,0.0369    ,     10000
     3970,4.032     ,0.00      ,0.371     ,0.0445    ,     10000
     3971,4.032     ,-0.99     ,0.294     ,0.0434    ,     10000
     3972,3.873     ,1.19      ,0.281     ,0.0337    ,     10000
     3973,4.032     ,-1.98     ,0.359     ,0.0271    ,     10000
     3974,4.032     ,0.20      ,0.384     ,0.0402    ,     10000
     3975,4.032     ,1.19      ,0.346     ,0.0478    ,     10000
     3976,4.032     ,-0.99     ,0.307     ,0.0532    ,     10000
     3977,3.952     ,1.39      ,0.371     ,0.0478    ,     10000
     3978,3.762     ,-2.78     ,0.526     ,0.0445    ,     10000
     3979,3.794     ,-2.38     ,0.217     ,0.0424    ,     10000
     3980,4.032     ,-1.59     ,0.063     ,0.0467    ,     10000
     3981,4.032     ,0.00      ,0.359     ,0.0380    ,     10000
     3982,4.032     ,3.57      ,0.513     ,0.0445    ,     10000
     3983,4.032     ,-0.40     ,0.281     ,0.0619    ,     10000
     3984,4.032     ,2.38      ,0.397     ,0.0554    ,     10000
     3985,4.032     ,2.58      ,0.179     ,0.0489    ,     10000
     3986,3.794     ,0.20      ,0.397     ,0.0434    ,     10000
     3987,4.032     ,-0.60     ,0.153     ,0.0402    ,     10000
     3988,4.032     ,1.39      ,0.294     ,0.0402    ,     10000
     3989,4.032     ,1.59      ,0.140     ,0.0358    ,     10000
     3990,4.032     ,-0.79     ,0.410     ,0.0554    ,     10000
     3991,4.032     ,0.20      ,0.230     ,0.0511    ,     10000
     3992,4.032     ,0.79      ,0.166     ,0.0587    ,     10000
     3993,4.032     ,0.79      ,0.089     ,0.0576    ,     10000
     3994,3.714     ,-2.18     ,0.204     ,0.0434    ,     10000
     3995,4.032     ,-0.99     ,0.320     ,0.0434    ,     10000
     3996,4.032     ,0.99      ,0.217     ,0.0456    ,     10000
     3997,4.032     ,0.20      ,0.320     ,0.0391    ,     10000
     3998,3.984     ,0.00      ,0.346     ,0.0630    ,     10000
     3999,4.032     ,-1.19     ,0.089     ,0.0685    ,     10000
     4000,4.032     ,0.79      ,0.346     ,0.0554    ,     10000
     4001,3.952     ,1.98      ,0.166     ,0.0489    ,     10000
     4002,3.952     ,1.79      ,0.281     ,0.0347    ,     10000
     4003,4.032     ,-2.38     ,0.204     ,0.0521    ,     10000
     4004,3.937     ,-0.79     ,0.333     ,0.0173    ,     10000
     4005,4.032     ,-0.99     ,0.063     ,0.0391    ,     10000
     4006,4.032     ,-1.19     ,0.346     ,0.0521    ,     10000
     4007,4.032     ,-1.98     ,0.204     ,0.0532    ,     10000
     4008,4.032     ,-1.59     ,0.281     ,0.0434    ,     10000
     4009,4.032     ,5.16      ,0.410     ,0.0619    ,     10000
     4010,4.032     ,0.60      ,0.436     ,0.0685    ,     10000
     4011,3.857     ,-3.17     ,0.307     ,0.0467    ,     10000
     4012,3.825     ,-0.40     ,0.436     ,0.0282    ,     10000
     4013,3.937     ,1.39      ,0.307     ,0.0478    ,     10000
     4014,4.032     ,-0.60     ,0.449     ,0.0239    ,     10000
     4015,4.032     ,-0.79     ,0.320     ,0.0434    ,     10000
     4016,4.032     ,-0.60     ,0.153     ,0.0380    ,     10000
     4017,4.032     ,2.58      ,0.346     ,0.0608    ,     10000
     4018,4.032     ,2.18      ,0.256     ,0.0445    ,     10000
     4019,4.032     ,-1.79     ,0.371     ,0.0413    ,     10000
     4020,4.032     ,-0.79     ,0.346     ,0.0380    ,     10000
     4021,4.032     ,0.20      ,0.333     ,0.0521    ,     10000
     4022,4.032     ,0.99      ,0.281     ,0.0434    ,     10000
     4023,4.032     ,-0.99     ,0.076     ,0.0663    ,     10000
     4024,4.032     ,-2.78     ,0.243     ,0.0380    ,     10000
     4025,3.746     ,3.97      ,0.217     ,0.0728    ,     10000
     4026,4.032     ,0.99      ,0.320     ,0.0489    ,     10000
     4027,3.952     ,-2.38     ,0.230     ,0.0304    ,     10000
     4028,4.032     ,-3.17     ,0.204     ,0.0293    ,     10000
     4029,4.032     ,-0.60     ,0.063     ,0.0413    ,     10000
     4030,4.032     ,0.20      ,0.436     ,0.0358    ,     10000
     4031,3.429     ,0.20      ,0.230     ,0.0598    ,     10000
     4032,4.032     ,0.99      ,0.127     ,0.0347    ,     10000
     4033,4.032     ,1.19      ,0.397     ,0.0456    ,     10000
     4034,4.032     ,0.79      ,0.346     ,0.0489    ,     10000
     4035,3.968     ,0.99      ,0.307     ,0.0511    ,     10000
     4036,4.032     ,-2.58     ,0.436     ,0.0228    ,     10000
     4037,3.825     ,-1.59     ,0.449     ,0.0195    ,     10000
     4038,4.032     ,-0.99     ,0.320     ,0.0380    ,     10000
     4039,4.032     ,-0.60     ,0.346     ,0.0163    ,     10000
     4040,4.032     ,1.19      ,0.243     ,0.0500    ,     10000
     4041,4.032     ,1.79      ,0.384     ,0.0565    ,     10000
     4042,4.032     ,3.17      ,0.487     ,0.0576    ,     10000
     4043,4.032     ,2.18      ,0.294     ,0.0413    ,     10000
     4044,4.032     ,-2.78     ,0.294     ,0.0293    ,     10000
     4045,4.032     ,0.00      ,0.243     ,0.0239    ,     10000
     4046,3.873     ,0.00      ,0.281     ,0.0337    ,     10000
     4047,4.032     ,1.39      ,0.217     ,0.0347    ,     10000
     4048,4.032     ,-0.99     ,0.269     ,0.0358    ,     10000
     4049,4.032     ,-0.99     ,0.397     ,0.0576    ,     10000
     4050,4.032     ,0.79      ,0.217     ,0.0478    ,     10000
     4051,4.032     ,2.58      ,0.346     ,0.0565    ,     10000
     4052,3.841     ,0.40      ,0.294     ,0.0326    ,     10000
     4053,3.968     ,-0.79     ,0.333     ,0.0402    ,     10000
     4054,4.032     ,0.99      ,0.410     ,0.0402    ,     10000
     4055,3.952     ,-1.98     ,0.243     ,0.0217    ,     10000
     4056,4.032     ,-2.78     ,0.436     ,0.0521    ,     10000
     4057,3.857     ,4.17      ,0.204     ,0.0554    ,     10000
     4058,4.032     ,0.40      ,0.371     ,0.0663    ,     10000
     4059,4.032     ,1.39      ,0.179     ,0.0380    ,     10000
     4060,4.032     ,0.99      ,0.256     ,0.0467    ,     10000
     4061,3.651     ,0.99      ,0.436     ,0.0304    ,     10000
     4062,4.032     ,-0.60     ,0.256     ,0.0467    ,     10000
     4063,4.032     ,-0.20     ,0.140     ,0.0424    ,     10000
     4064,4.032     ,2.98      ,0.179     ,0.0456    ,     10000
     4065,4.032     ,2.58      ,0.166     ,0.0402    ,     10000
     4066,4.032     ,4.17      ,0.140     ,0.0456    ,     10000
     4067,4.032     ,3.57      ,0.243     ,0.0402    ,     10000
     4068,4.032     ,-1.59     ,0.127     ,0.0347    ,     10000
     4069,4.000     ,0.00      ,0.371     ,0.0445    ,     10000
     4070,4.032     ,-0.79     ,0.281     ,0.0434    ,     10000
     4071,3.937     ,1.39      ,0.281     ,0.0347    ,     10000
     4072,4.032     ,-1.79     ,0.371     ,0.0282    ,     10000
     4073,3.889     ,0.20      ,0.397     ,0.0402    ,     10000
     4074,4.032     ,1.39      ,0.346     ,0.0456    ,     10000
     4075,4.032     ,-0.79     ,0.307     ,0.0532    ,     10000
     4076,3.921     ,1.59      ,0.384     ,0.0489    ,     10000
     4077,3.746     ,-2.98     ,0.513     ,0.0445    ,     10000
     4078,3.794     ,-2.18     ,0.204     ,0.0434    ,     10000
     4079,4.032     ,-1.79     ,0.063     ,0.0445    ,     10000
     4080,3.952     ,0.00      ,0.371     ,0.0380    ,     10000
     4081,4.032     ,3.57      ,0.500     ,0.0434    ,     10000
     4082,4.032     ,-0.20     ,0.307     ,0.0619    ,     10000
     4083,4.032     ,2.58      ,0.359     ,0.0565    ,     10000
     4084,4.032     ,2.38      ,0.166     ,0.0489    ,     10000
     4085,3.698     ,0.00      ,0.397     ,0.0424    ,     10000
     4086,4.032     ,-0.20     ,0.166     ,0.0424    ,     10000
     4087,4.032     ,1.39      ,0.294     ,0.0413    ,     10000
     4088,4.032     ,1.79      ,0.127     ,0.0358    ,     10000
     4089,4.032     ,-1.19     ,0.410     ,0.0543    ,     10000
     4090,4.032     ,0.20      ,0.230     ,0.0521    ,     10000
     4091,4.032     ,0.79      ,0.166     ,0.0587    ,     10000
     4092,4.032     ,0.99      ,0.089     ,0.0587    ,     10000
     4093,3.651     ,-2.38     ,0.217     ,0.0434    ,     10000
     4094,4.032     ,-0.79     ,0.320     ,0.0456    ,     10000
     4095,4.032     ,1.19      ,0.217     ,0.0445    ,     10000
